Country Name,Country Code,Indicator Name,Indicator Code,1960,1961,1962,1963,1964,1965,1966,1967,1968,1969,1970,1971,1972,1973,1974,1975,1976,1977,1978,1979,1980,1981,1982,1983,1984,1985,1986,1987,1988,1989,1990,1991,1992,1993,1994,1995,1996,1997,1998,1999,2000,2001,2002,2003,2004,2005,2006,2007,2008,2009,2010,2011,2012,2013,2014,2015,2016,2017,2018,2019,2020,2021
Africa Eastern and Southern,AFE,"Life expectancy at birth, total (years)",42.71605253,43.16693507,43.60399025,44.0256167,44.43272097,44.82691851,45.21304771,45.59429412,45.97405884,46.3523989,46.72879651,47.10286632,47.47116843,47.8294031,48.17499866,48.5033109,48.81083653,49.09784958,49.36632757,49.6199972,49.87069254,50.11588584,50.36345641,50.61038491,50.84833478,51.05805709,51.21428085,51.29978085,51.30859548,51.25176311,51.1541131,51.04841383,50.95726212,50.8902461,50.84186496,50.8084844,50.79615697,50.82061357,50.89760718,51.04419133,51.27612888,51.60645828,52.04314928,52.5858534,53.22891347,53.96655013,54.79170665,55.6823435,56.60979892,57.54877186,58.47069668,59.35359492,60.18556105,60.95336296,61.64736659,62.25928837,62.78768149,63.24626353,63.64898804,64.00519747,,,
Africa Western and Central,AFW,"Life expectancy at birth, total (years)",37.20538029,37.63254581,38.05261245,38.4637463,38.86707273,39.26484102,39.66276168,40.06640763,40.48283204,40.91421502,41.36511663,41.83721354,42.32704272,42.82907706,43.33921927,43.85504197,44.37396611,44.89222647,45.40268058,45.89747528,46.36610371,46.79829219,47.18861757,47.53398545,47.83053649,48.0793809,48.28458085,48.45412783,48.59742098,48.71923081,48.8169994,48.88593428,48.92341607,48.93370775,48.92550535,48.90993678,48.89987529,48.90912995,48.95533902,49.05263892,49.21971381,49.4751356,49.81692863,50.23943237,50.73341665,51.28348666,51.86820257,52.46395756,53.0495004,53.61208951,54.14430671,54.64999813,55.13894432,55.61898641,56.08826904,56.54200914,56.97476115,57.3823627,57.76234679,58.11572272,,,
Arab World,ARB,"Life expectancy at birth, total (years)",46.54690911,47.14162039,47.73178236,48.32043327,48.9100192,49.49647723,50.07294888,50.63441245,51.18209934,51.72202261,52.26421092,52.82293228,53.40688649,54.01585517,54.64286724,55.27798768,55.90961164,56.5280755,57.13389799,57.73485934,58.34502231,58.97735807,59.63599752,60.31627737,61.0037621,61.67681626,62.31411961,62.90134697,63.4296881,63.89897996,64.35157729,64.73634052,65.04385274,65.41490707,65.78565317,66.19610005,66.554103,66.89714478,67.21809146,67.517689,67.80059145,68.07251864,68.34024632,68.61050561,68.88618776,69.16468296,69.43945938,69.70155529,69.94217387,70.15756008,70.34991642,70.52876168,70.7037978,70.8822177,71.06426877,71.24957097,71.43654717,71.62267043,71.80707511,71.98970937,,,
Caribbean small states,CSS,"Life expectancy at birth, total (years)",62.74630572,63.12612953,63.47645324,63.80444039,64.1137962,64.40771857,64.6846643,64.94362496,65.18699358,65.41993137,65.64881537,65.88038941,66.1188858,66.36499881,66.61829172,66.87568199,67.13336877,67.38520559,67.62784621,67.86142352,68.08670901,68.30313108,68.51780596,68.71894169,68.92093805,69.12267545,69.32978327,69.54871511,69.76319261,69.98419355,70.19762945,70.39400583,70.58807357,70.71254412,70.83448841,70.93751467,71.02898551,71.1637653,71.21031083,71.31027893,71.41917942,71.53799942,71.71336257,71.79199379,71.923541,72.05570873,72.18703608,72.31605654,72.4407885,72.56174942,72.67940423,72.79529509,72.91180938,73.03013854,73.15059179,73.2730249,73.39595799,73.51748995,73.63710628,73.75473231,,,
Central Europe and the Baltics,CEB,"Life expectancy at birth, total (years)",67.82138864,68.26219834,68.00692564,68.69604737,69.05248454,69.2769976,69.52707193,69.27274219,69.5360253,69.2757342,69.44695506,69.48516575,69.92544126,70.06777719,70.30593937,70.17440869,70.3191489,70.24237315,70.14793211,70.23939699,69.8905098,70.37205018,70.45547332,70.38978517,70.34911486,70.31288347,70.56513604,70.61176333,70.86170823,70.73197226,70.65633134,70.5752213,70.73283713,70.84598662,70.86954394,71.02542143,71.33605802,71.51725807,71.89823768,72.18456107,72.71972472,73.09614819,73.24241549,73.38225278,73.73043493,73.84499514,74.09260273,74.25064872,74.57595268,74.93036393,75.29396578,75.88847488,75.9934886,76.35516299,76.67562361,76.57187776,76.96981142,76.94744264,76.97682268,77.14410292,,,
Early-demographic dividend,EAR,"Life expectancy at birth, total (years)",45.09089808,45.74935975,46.34439402,46.87490936,47.45643711,48.02842029,48.64363722,49.18719749,49.71629388,50.23498277,50.74937089,51.26822371,51.7935434,52.33452505,52.88440767,53.44275702,54.00367522,54.55359138,55.08662524,55.59597795,56.07816374,56.53664535,56.97972307,57.41750882,57.85364748,58.29198523,58.73169803,59.17196661,59.60825715,60.04785655,60.49126279,60.92843936,61.36292616,61.7947182,62.21500072,62.61931898,63.0057222,63.37328621,63.72612031,64.06879148,64.40307724,64.73386604,65.0651669,65.40225897,65.74821736,66.10620881,66.48034464,66.86664715,67.26249961,67.66168986,68.05602104,68.43890413,68.80320526,69.1451634,69.46091897,69.74850623,70.01123507,70.2542347,70.48323834,70.70120132,,,
East Asia & Pacific,EAS,"Life expectancy at birth, total (years)",48.42912109,48.92768911,49.59176155,50.55753933,51.74364988,53.10145295,54.62323858,56.09866197,57.47033552,58.69046374,59.73092969,60.6565772,61.44844569,62.14950271,62.84398971,63.51177584,64.12511664,64.7094247,65.23410202,65.72795866,66.14431562,66.56429509,66.95983016,67.28264845,67.61531432,67.90456531,68.1722705,68.40952569,68.5815835,68.77189409,68.92722262,69.09758693,69.24627377,69.41880344,69.61835012,69.79646699,70.06449976,70.32575167,70.5848518,70.85517128,71.17191877,71.48171716,71.77476486,72.06752825,72.36114457,72.62462075,72.9216443,73.20093388,73.4698955,73.75912516,74.01299917,74.26612883,74.56283254,74.84944386,75.12686996,75.39461357,75.63785486,75.86858543,76.07158863,76.26520574,,,
East Asia & Pacific (excluding high income),EAP,"Life expectancy at birth, total (years)",45.61324211,46.05825631,46.77432867,47.79880996,49.13719285,50.71338482,52.41280084,54.10111599,55.65976263,57.03299284,58.19554169,59.16426029,60.00715611,60.78377472,61.51220955,62.20307596,62.86278102,63.48285698,64.05795014,64.58727736,65.06898345,65.50485645,65.90065529,66.25835611,66.58140362,66.8719652,67.12958977,67.35458513,67.55037493,67.72465375,67.88613844,68.04362509,68.20324328,68.37449277,68.56247875,68.77409377,69.01087448,69.27021865,69.54577635,69.83606727,70.13617325,70.44228545,70.74836533,71.05126632,71.34881739,71.64072952,71.92756969,72.21234651,72.49664016,72.78072417,73.06626429,73.35573867,73.64769112,73.9384118,74.22573699,74.50227185,74.76204668,75.0019151,75.21766316,75.40970324,,,
East Asia & Pacific (IDA & IBRD countries),TEA,"Life expectancy at birth, total (years)",45.53974032,45.98404586,46.70396535,47.73554279,49.08235235,50.66715846,52.37458851,54.0698506,55.63414767,57.01147438,58.176456,59.14616095,59.9891965,60.76571748,61.49404839,62.18500606,62.84514924,63.46590836,64.04179486,64.57196844,65.05445016,65.49099645,65.88737127,66.24542956,66.56859369,66.85864005,67.11465807,67.3369951,67.5294731,67.70047074,67.8604139,68.02011516,68.1867042,68.36976537,68.57361678,68.80296307,69.05616313,69.32804912,69.61058248,69.90201576,70.19841517,70.49794359,70.79723064,71.09519763,71.3903258,71.68224162,71.97078284,72.2573864,72.54253415,72.82629571,73.11046429,73.39791418,73.68783665,73.97706926,74.26355766,74.53991042,74.79995657,75.0402245,75.2562801,75.44843511,,,
Euro area,EMU,"Life expectancy at birth, total (years)",69.29058096,69.66027108,69.61739228,69.78554513,70.24430599,70.3291237,70.60485703,70.74398969,70.79340931,70.79960134,71.1581516,71.26596769,71.60541093,71.70035162,72.02606201,72.16923442,72.4346683,72.79004211,73.01112086,73.33436589,73.52860665,73.81138516,74.15439701,74.22894199,74.58734665,74.75718784,75.05677777,75.34820613,75.5359304,75.76188342,75.91180793,76.02616244,76.38125681,76.48795159,76.79627393,76.95586062,77.21844944,77.58153598,77.79717886,78.0212365,78.27507038,78.59711255,78.68446787,78.70717949,79.27870164,79.42628302,79.8561324,80.09988192,80.30291579,80.50518151,80.74678096,81.23282485,81.22715818,81.51232872,81.9429827,81.5692291,81.95454532,81.93231636,82.0598817,82.03854822,,,
Europe & Central Asia,ECS,"Life expectancy at birth, total (years)",67.02654187,67.38864125,67.48004143,67.74718001,68.1418944,68.29079794,68.49867838,68.62062123,68.68901643,68.69425148,68.96923633,69.105678,69.30979424,69.404934,69.60873161,69.5832179,69.6839976,69.85636606,69.9454524,70.06396869,70.16834713,70.4327372,70.72309241,70.79233315,70.94291381,71.15577277,71.64146652,71.85869386,71.98607775,72.0491867,72.0493147,71.97959557,71.86397431,71.52110937,71.60006402,71.68064004,72.11524745,72.53165244,72.85291935,72.87508215,73.0293742,73.29341732,73.40799492,73.51598433,73.95912325,74.12110476,74.6188777,74.97700139,75.24345372,75.64308179,75.94408335,76.46008051,76.6234774,76.95575615,77.28293263,77.24081033,77.59568739,77.78860652,77.91035086,78.03127739,,,
Europe & Central Asia (excluding high income),ECA,"Life expectancy at birth, total (years)",63.35144617,63.87016255,64.26198538,64.62411762,64.9194101,65.14097118,65.30708572,65.42255914,65.56320109,65.64656769,65.88965785,66.09253793,66.13508301,66.24396443,66.34804129,66.16633136,66.14751076,66.15351899,66.21906506,66.15935305,66.28412594,66.49741187,66.82982903,66.94961839,66.94509455,67.35601575,68.11571117,68.2877495,68.36124245,68.31357724,68.18018676,67.98074767,67.23880281,66.32487427,66.10361209,66.11231926,66.71447607,67.34362354,67.70722077,67.49913721,67.55767194,67.69903855,67.78067541,67.90544775,68.25225995,68.38908829,69.01848461,69.53244745,69.84898668,70.46201351,70.79403264,71.36987297,71.73464273,72.17331859,72.39354736,72.70699127,73.06190249,73.50931792,73.67534256,73.93536301,,,
Europe & Central Asia (IDA & IBRD countries),TEC,"Life expectancy at birth, total (years)",63.79518235,64.26915472,64.58687117,65.00579872,65.29747561,65.57530157,65.76442385,65.83186244,66.03722475,66.06627895,66.29848021,66.45645788,66.59644805,66.6957684,66.83364033,66.62781128,66.62492862,66.60934507,66.65939083,66.64087702,66.68745565,66.96660564,67.27003816,67.36493231,67.34096042,67.69264891,68.40618247,68.56426024,68.66866676,68.60234456,68.47169651,68.25888686,67.63101664,66.85823124,66.67210368,66.7005569,67.27583349,67.86911175,68.23498369,68.0553491,68.15707201,68.33968236,68.44185946,68.56159005,68.90448091,69.03749475,69.6232239,70.09332392,70.40587625,70.9733683,71.32043299,71.88008698,72.21323362,72.63089645,72.88167186,73.14793068,73.50739044,73.90101842,74.03943633,74.29800572,,,
European Union,EUU,"Life expectancy at birth, total (years)",69.02086667,69.41221193,69.3183617,69.61285156,70.03084269,70.15715475,70.4281534,70.47360286,70.58413377,70.53345856,70.85825951,70.93889885,71.31306985,71.42220837,71.72633537,71.80784337,72.03444171,72.29552283,72.43370427,72.69805228,72.7512685,73.08963183,73.3665907,73.41116511,73.66931174,73.7741909,74.03804963,74.26640101,74.46848553,74.62942778,74.7306625,74.81690015,75.13184321,75.26122166,75.52910362,75.67686843,75.92796867,76.24551915,76.51451716,76.74858194,77.0784478,77.42548338,77.53272154,77.59066196,78.1157576,78.27264114,78.66892325,78.90203604,79.12549885,79.35722831,79.62942605,80.13777291,80.15688817,80.46374092,80.87044756,80.56680714,80.94986464,80.93083864,81.03490546,81.06384682,,,
Fragile and conflict affected situations,FCS,"Life expectancy at birth, total (years)",40.98057586,41.50508661,42.02394416,42.53628039,43.04192662,43.54010937,44.03158114,44.51566858,44.99283563,45.46206844,45.9236838,46.37799816,46.82396213,47.25876433,47.68016095,48.08411025,48.46579871,48.82512401,49.16503069,49.48932449,49.80331452,50.18236811,50.49112177,50.80128561,51.1110409,51.41531975,51.7060927,51.9771515,52.21621196,52.42863803,52.67991906,52.84099689,52.98600454,53.12523071,53.26697415,53.41823721,53.58502051,53.77128128,53.97811928,54.21627858,54.49780062,54.8302065,55.21199109,55.63842435,56.10280396,56.5966202,57.11004197,57.6301199,58.14518313,58.64454018,59.12058102,59.57662201,60.01624452,60.44007285,60.84346476,61.22104656,61.57030792,61.892848,62.19424904,62.48008834,,,
Heavily indebted poor countries (HIPC),HPC,"Life expectancy at birth, total (years)",39.77965707,40.2214023,40.6523158,41.0710324,41.4781836,41.87598999,42.26877567,42.66053712,43.05454868,43.45174678,43.85300943,44.25842597,44.66456609,45.06776336,45.46575644,45.85421773,46.22904975,46.58948201,46.93633055,47.27141475,47.59881904,47.92442601,48.25027717,48.57393366,48.88997049,49.18322501,49.43485582,49.63176685,49.77107121,49.86464075,49.93684831,50.01768733,50.13036459,50.28053801,50.45924323,50.66226985,50.89472214,51.16403683,51.47749269,51.84219216,52.26410061,52.74934234,53.29664728,53.90032259,54.5520779,55.24228463,55.96161697,56.69696411,57.43356861,58.15822389,58.85894745,59.52887102,60.16656535,60.77033533,61.33431413,61.85295289,62.32328464,62.74867177,63.13499116,63.48645533,,,
High income,HIC,"Life expectancy at birth, total (years)",68.55283391,68.93566882,68.90964775,69.1146758,69.51013331,69.61589768,69.87736249,70.10269958,70.044283,70.24216208,70.55858961,70.84332123,71.13794608,71.31110961,71.7216712,72.06920945,72.33011295,72.68365527,72.8384681,73.163402,73.18839849,73.54512385,73.8768257,73.97715294,74.25649857,74.38446747,74.63306312,74.90200421,75.01939753,75.26611563,75.42823488,75.60293479,75.86404838,75.93920415,76.21968046,76.28550749,76.65692833,76.990857,77.17261878,77.31647249,77.59380137,77.8955535,78.03379056,78.16090897,78.57473342,78.67339638,78.98345688,79.21851477,79.36598888,79.64658691,79.82621319,80.06776615,80.18677394,80.36478186,80.62339128,80.49851928,80.64386433,80.68436436,80.78733976,80.88736686,,,
IBRD only,IBD,"Life expectancy at birth, total (years)",,,,,,,,,,,,,,,,,,,,,,,,,,,,,,,,,,,,,,,,,,,,,,,,,,,,,,,,,,,,,,,
IDA & IBRD total,IBT,"Life expectancy at birth, total (years)",47.53034419,48.04028607,48.62026272,49.31943926,50.11973045,51.00421387,51.91719624,52.80880542,53.66552311,54.42847811,55.13714394,55.76891467,56.35657077,56.92046084,57.47354247,57.97054826,58.47104915,58.94101001,59.38568198,59.78967664,60.16702183,60.54319346,60.8999708,61.21707231,61.50750522,61.82669256,62.17268725,62.44921831,62.70609272,62.93381536,63.1470105,63.35747858,63.51047003,63.66231254,63.87435024,64.11160499,64.40281071,64.70529861,64.98044628,65.21838738,65.49049277,65.77256925,66.0563442,66.34999624,66.67060704,66.98413456,67.34306602,67.70019148,68.04947254,68.41905591,68.76812198,69.12765969,69.46122331,69.78768479,70.08553324,70.36397352,70.62711126,70.87314027,71.08065527,71.27948622,,,
IDA blend,IDB,"Life expectancy at birth, total (years)",,,,,,,,,,,,,,,,,,,,,,,,,,,,,,,,,,,,,,,,,,,,,,,,,,,,,,,,,,,,,,,
IDA only,IDX,"Life expectancy at birth, total (years)",,,,,,,,,,,,,,,,,,,,,,,,,,,,,,,,,,,,,,,,,,,,,,,,,,,,,,,,,,,,,,,
IDA total,IDA,"Life expectancy at birth, total (years)",,,,,,,,,,,,,,,,,,,,,,,,,,,,,,,,,,,,,,,,,,,,,,,,,,,,,,,,,,,,,,,
Late-demographic dividend,LTE,"Life expectancy at birth, total (years)",50.24729652,50.74739109,51.38675773,52.25782161,53.36286253,54.66525442,56.04049749,57.39662372,58.68192582,59.7861719,60.76992131,61.59482458,62.32420057,62.99814138,63.65325309,64.19280831,64.7502905,65.26681356,65.74556537,66.16110731,66.54986326,66.9481374,67.31861066,67.60382059,67.83580229,68.12936924,68.4848005,68.67792353,68.84829645,68.95931224,69.06432783,69.15442207,69.15326438,69.13243636,69.25052885,69.45195537,69.76808099,70.09289022,70.39213318,70.61979406,70.90346746,71.21184198,71.49965275,71.79171616,72.1188836,72.40185463,72.75646751,73.08177418,73.37755447,73.70307003,73.98340809,74.31748308,74.6098191,74.91914552,75.1995389,75.4727237,75.74829889,76.01739719,76.22687683,76.43618802,,,
Latin America & Caribbean,LCN,"Life expectancy at birth, total (years)",56.07766645,56.54932327,57.00527528,57.44665667,57.87529204,58.29637409,58.71505938,59.13550366,59.56154769,59.99482876,60.4354476,60.88113985,61.32734064,61.76894794,62.20354992,62.63051114,63.04782438,63.45824462,63.86230017,64.26000232,64.65183763,65.03700893,65.41724792,65.78964569,66.15817772,66.52328917,66.88588475,67.24680017,67.60393914,67.96019484,68.31372589,68.66521467,69.01387331,69.35812021,69.6989352,70.03638967,70.37227939,70.70664293,71.0367773,71.36264785,71.68738957,71.99312403,72.28763379,72.56226154,72.8191972,73.06052666,73.28745866,73.50178524,73.70415657,73.9041865,74.09722025,74.28311752,74.46145444,74.63279792,74.7990465,74.96168764,75.12202318,75.28208661,75.4408494,75.60149504,,,
Latin America & Caribbean (excluding high income),LAC,"Life expectancy at birth, total (years)",55.52640701,56.00726891,56.47115925,56.91897687,57.35307473,57.77856832,58.20066231,58.62389183,59.05194857,59.48668809,59.92811215,60.37412026,60.82051471,61.26211763,61.69706445,62.12490366,62.54349883,62.95586988,63.36224618,63.7630591,64.15893772,64.54917609,64.9358677,65.31525878,65.69235047,66.0674782,66.44196527,66.81681537,67.18896406,67.562033,67.93334844,68.30338831,68.67101267,69.03338949,69.39174609,69.74557688,70.09642889,70.44454461,70.78697903,71.12410564,71.45222166,71.76704962,72.06815787,72.35139475,72.61821842,72.86918568,73.10486464,73.32899691,73.54395204,73.75202251,73.95428629,74.15197747,74.34505753,74.53323932,74.71799683,74.89944926,75.07700747,75.25163453,75.42250137,75.59132639,,,
Latin America & the Caribbean (IDA & IBRD countries),TLA,"Life expectancy at birth, total (years)",55.6534269,56.12638556,56.58227098,57.02215592,57.44892328,57.8681737,58.28568216,58.7061659,59.13344206,59.56889778,60.01228228,60.46095573,60.91030916,61.35521198,61.79397575,62.22644081,62.65070409,63.06976345,63.48387093,63.89302764,64.29735912,64.69592065,65.09010522,65.47643152,65.85879228,66.23761744,66.61405745,66.98932273,67.36101645,67.73224475,68.10041873,68.4655561,68.82637943,69.18048979,69.52901751,69.87220349,70.21226685,70.55015267,70.88358165,71.21287834,71.53435678,71.84355669,72.13921074,72.41716322,72.67840841,72.92378548,73.15408652,73.37328115,73.58362603,73.7868999,73.98334578,74.17297212,74.35526705,74.5302464,74.7001817,74.86655945,75.03055859,75.19428209,75.35732803,75.52038777,,,
Least developed countries: UN classification,LDC,"Life expectancy at birth, total (years)",40.30748453,40.76998661,41.23322754,41.69551947,42.15179795,42.58674107,42.98108352,43.32359374,43.61106102,43.84988437,44.05901022,44.26573024,44.49752343,44.77514548,45.11153045,45.51503271,45.98511446,46.50062472,47.03335992,47.55976773,48.06381685,48.54320879,49.00533724,49.45390782,49.88615875,50.29107293,50.65536517,50.97440532,51.25092111,51.49640328,51.73272764,51.98598238,52.27296889,52.59672497,52.94966066,53.32466687,53.7194417,54.13220548,54.56205018,55.01043148,55.47978628,55.97573305,56.50274794,57.0610828,57.64678114,58.25570484,58.88310501,59.52027806,60.15664525,60.78301471,61.38893391,61.96741724,62.5153219,63.03046034,63.50903191,63.94777733,64.34582964,64.70786161,65.03980124,65.34542124,,,
Low & middle income,LMY,"Life expectancy at birth, total (years)",47.19707434,47.71282045,48.30740635,49.00791714,49.82082083,50.71417152,51.64287306,52.55894838,53.42441994,54.21004408,54.93272677,55.58121833,56.16867701,56.7433603,57.3014141,57.81215358,58.31906389,58.7983618,59.25022441,59.65566338,60.04456253,60.41531081,60.77551536,61.09746455,61.39313722,61.71771697,62.06477553,62.34491221,62.60193905,62.83566825,63.05501181,63.27004473,63.41892346,63.56386224,63.77177159,64.00401412,64.29027106,64.58922529,64.86288614,65.10313247,65.37546277,65.65896848,65.94648136,66.24514502,66.56818446,66.88491828,67.24623284,67.60652446,67.95755435,68.33046478,68.68060387,69.04234417,69.38086,69.71101542,70.01002492,70.2944613,70.55916221,70.80999017,71.02162515,71.22161604,,,
Low income,LIC,"Life expectancy at birth, total (years)",39.50267925,39.94119401,40.37384536,40.81009608,41.25771583,41.72069531,42.19900216,42.68494518,43.1714236,43.65337464,44.12676535,44.58955759,45.04039174,45.47667706,45.89641373,46.29709192,46.6770108,47.03882413,47.38767992,47.72839211,48.06596588,48.40456597,48.74384572,49.07994289,49.40718893,49.71257935,49.98026336,50.19882198,50.36661447,50.49649768,50.61204789,50.741132,50.90299296,51.09766523,51.31130896,51.5415787,51.80153953,52.10649814,52.46657807,52.88651251,53.36597129,53.90217494,54.48660128,55.11056462,55.76631402,56.44310836,57.13229817,57.82180572,58.49541946,59.13783207,59.73973971,60.3002394,60.8265643,61.32460358,61.79459416,62.23539883,62.64587188,63.02811995,63.38749938,63.72774921,,,
Lower middle income,LMC,"Life expectancy at birth, total (years)",45.21837611,45.80134808,46.37639219,46.9431998,47.50025497,48.04060347,48.55700109,49.04471735,49.50496152,49.9429407,50.37198688,50.81069598,51.27223946,51.76332254,52.28355823,52.82690687,53.38114208,53.92758844,54.45115996,54.94290294,55.39797706,55.82098186,56.22313936,56.61535613,57.0026504,57.38891627,57.77669381,58.17915047,58.56418712,58.95433574,59.33470428,59.69181267,60.04552862,60.3840461,60.71132017,61.02492214,61.35443804,61.68125191,62.00735841,62.3100784,62.61528962,62.93888156,63.27782923,63.6206849,63.97669367,64.34408993,64.73197103,65.13225968,65.53706318,65.95707682,66.37215852,66.76630503,67.13620535,67.48671794,67.81150661,68.11004773,68.38653249,68.641133,68.86963715,69.08849167,,,
Middle East & North Africa,MEA,"Life expectancy at birth, total (years)",46.44164378,47.54702804,48.14301857,48.23119874,48.82611077,49.41987348,50.48079767,51.03924984,51.58860996,52.14787288,52.73254362,53.35716123,53.99671085,54.70712182,55.4240294,56.13674721,56.80556991,57.37213202,57.85439344,58.26238753,58.63716315,59.035902,59.50274777,60.09307571,60.80083538,61.61609258,62.48808187,63.38292809,64.21949408,65.0412533,65.76998552,66.39131519,66.8867472,67.38788291,67.83172095,68.25403334,68.62672401,68.95879043,69.27532616,69.58630971,69.88725675,70.1860594,70.47001714,70.75154443,71.03757081,71.31003055,71.58493995,71.84130341,72.09133372,72.32599404,72.53918362,72.73749241,72.93166117,73.13239732,73.32643778,73.51484469,73.71077102,73.89981806,74.08883309,74.27058876,,,
Middle East & North Africa (excluding high income),MNA,"Life expectancy at birth, total (years)",46.36310735,46.96399872,47.55821249,48.14911581,48.73991699,49.3275278,49.90657717,50.47397097,51.03116961,51.58403201,52.14921094,52.74820937,53.38991331,54.0714291,54.77918702,55.47527555,56.11207452,56.65940725,57.10985784,57.47736277,57.80939167,58.17150879,58.62408125,59.20574356,59.92376239,60.76309872,61.68501694,62.62528734,63.52872609,64.3646558,65.13628775,65.78211113,66.34893566,66.8547286,67.30725477,67.71427246,68.08394017,68.42513758,68.74578946,69.05320848,69.35469409,69.65395818,69.94988284,70.24135954,70.52965829,70.8130182,71.08730699,71.34764391,71.58861567,71.80985946,72.01470099,72.2108648,72.4050187,72.60231836,72.80116693,73.00029604,73.19817528,73.39421523,73.5873387,73.77758932,,,
Middle East & North Africa (IDA & IBRD countries),TMN,"Life expectancy at birth, total (years)",46.36310735,46.96399872,47.55821249,48.14911581,48.73991699,49.3275278,49.90657717,50.47397097,51.03116961,51.58403201,52.14921094,52.74820937,53.38991331,54.0714291,54.77918702,55.47527555,56.11207452,56.65940725,57.10985784,57.47736277,57.80939167,58.17150879,58.62408125,59.20574356,59.92376239,60.76309872,61.68501694,62.62528734,63.52872609,64.3646558,65.11060526,65.75826982,66.32647886,66.83333461,67.28663989,67.69419343,68.06422053,68.40566182,68.72689948,69.03491367,69.3370643,69.63706362,69.93379489,70.22611888,70.51532132,70.79963482,71.07491578,71.33624089,71.5781151,71.80020172,72.00580157,72.20270146,72.39759622,72.59565309,72.79524159,72.99505254,73.19351106,73.39007584,73.58362363,73.77423568,,,
Middle income,MIC,"Life expectancy at birth, total (years)",47.69743083,48.22311298,48.83032978,49.54773288,50.38470824,51.30679878,52.26551356,53.21112475,54.10307521,54.91012526,55.65060176,56.31266238,56.91106742,57.4972296,58.06731747,58.5889825,59.10859743,59.60055153,60.06413758,60.47846457,60.87517587,61.25158032,61.6163757,61.94063797,62.23804529,62.5684741,62.92605587,63.21583852,63.48544565,63.73415889,63.9696146,64.19979389,64.36152926,64.51566251,64.73628824,64.98171022,65.28273291,65.59195784,65.87309324,66.11208651,66.37992333,66.65740875,66.93532119,67.22174984,67.53141577,67.83160487,68.17860617,68.52378591,68.85930715,69.22061507,69.55973368,69.91442222,70.24588415,70.57041913,70.86331832,71.1432131,71.40449628,71.6533612,71.861587,72.05927376,,,
North America,NAC,"Life expectancy at birth, total (years)",69.89360376,70.36801738,70.2327068,70.05038739,70.31320505,70.36672191,70.37807047,70.71438226,70.17624157,70.69476442,70.9854796,71.2911399,71.32627262,71.52944731,72.07959682,72.69361493,72.95320432,73.34941115,73.47017107,73.90794075,73.75243079,74.15164237,74.49815471,74.6202615,74.72538912,74.74024503,74.80137957,74.9581156,74.97854162,75.22629846,75.43504527,75.59061834,75.82693748,75.65853666,75.838642,75.86060025,76.24010485,76.62719351,76.78286222,76.80913164,76.88199634,77.08241004,77.18781814,77.30281077,77.72448798,77.75408225,77.94939267,78.23954847,78.3009808,78.64772827,78.80945553,78.92055891,79.03147799,79.04221001,79.13808291,79.01211433,78.8773349,78.87909246,78.98679131,79.12330258,,,
Not classified,INX,"Life expectancy at birth, total (years)",,,,,,,,,,,,,,,,,,,,,,,,,,,,,,,,,,,,,,,,,,,,,,,,,,,,,,,,,,,,,,,
OECD members,OED,"Life expectancy at birth, total (years)",67.22609445,67.61717407,67.62031078,67.8354426,68.22975189,68.35099013,68.61876132,68.85039567,68.8211022,69.01623584,69.33417721,69.62744364,69.92319207,70.11709224,70.53064831,70.87953078,71.16159678,71.52873677,71.71306572,72.05777593,72.12539221,72.49481141,72.84108665,72.978258,73.26549428,73.41386819,73.67638704,73.95603691,74.10415291,74.36438473,74.54473771,74.73456311,75.01329585,75.12325219,75.41570206,75.52776801,75.89950058,76.24123775,76.4569943,76.63926132,76.92725513,77.23460023,77.39688554,77.54903408,77.94370424,78.06314654,78.34888186,78.5717356,78.71992779,78.97693251,79.14888714,79.37988541,79.49704942,79.66195229,79.91185268,79.81127706,79.96029696,80.00460552,80.10453371,80.20508989,,,
Other small states,OSS,"Life expectancy at birth, total (years)",51.41499854,51.86780191,52.30948773,52.71553981,53.12635421,53.51303827,53.860816,54.21332199,54.55988233,54.90268314,55.25804988,55.60386079,55.95993401,56.28408746,56.59989321,56.94258418,57.31565852,57.69200084,58.1217078,58.57478127,59.09026304,59.55814204,60.030352,60.47952053,60.86254636,61.22271951,61.59684273,61.89258185,62.0980333,62.1961563,62.22330742,62.25160468,62.14035321,61.90941906,61.61198958,61.42547978,61.28386111,60.97972634,60.63376824,60.4005766,60.24525473,60.10871528,60.09956556,60.20985026,60.48642411,60.90023293,61.40859096,62.04903394,62.77964667,63.56156964,64.30884322,65.02063304,65.71946482,66.33312678,66.89119294,67.40524107,67.83560006,68.22867726,68.54681339,68.82187619,,,
Pacific island small states,PSS,"Life expectancy at birth, total (years)",56.50557677,56.95921742,57.38946913,57.79953094,58.18991482,58.55976678,58.90521024,59.22562708,59.52206848,59.80111309,60.07020708,60.33939346,60.61533359,60.90290499,61.20434899,61.51921987,61.84402468,62.17014588,62.4916786,62.80347862,63.10287398,63.38967463,63.66330436,63.92153648,64.1617045,64.37765823,64.56443844,64.91773882,64.85365701,64.96467399,65.09730049,65.14505067,65.2276535,65.31503197,65.41458188,65.59631684,65.68650916,65.86789169,66.07608922,66.33964215,66.55714298,66.79805865,67.03312837,67.25015595,67.44566844,67.63693106,67.78614146,67.94835734,68.11680769,68.29563224,68.48523385,68.68298504,68.88200361,69.07737595,69.26553985,69.44447786,69.61374205,69.77428325,69.9290488,70.07973149,,,
Post-demographic dividend,PST,"Life expectancy at birth, total (years)",68.81445589,69.21931214,69.22015927,69.42250335,69.82739581,69.91366467,70.15768999,70.39984784,70.32376889,70.51982277,70.83376615,71.11224735,71.34880757,71.51155494,71.88992746,72.2363838,72.47302676,72.81482287,72.94950796,73.24453028,73.27548609,73.59298078,73.9187892,74.02752552,74.31730129,74.46014228,74.7096464,74.99714957,75.09938253,75.35011815,75.47926046,75.60470945,75.80670898,75.80929466,76.05934261,76.07522936,76.43889233,76.78257944,76.99915123,77.11641209,77.35564394,77.64789127,77.78723898,77.91472665,78.34048534,78.43332159,78.75815182,79.01182061,79.15435062,79.47739306,79.68613989,79.95295059,80.08676424,80.26808471,80.52726493,80.39500807,80.54919952,80.5969221,80.69375109,80.79472234,,,
Pre-demographic dividend,PRE,"Life expectancy at birth, total (years)",39.13610018,39.59333523,40.04278896,40.4838264,40.91822302,41.34824147,41.77858683,42.21222046,42.65182711,43.09642672,43.54689744,44.00323862,44.46214902,44.91909321,45.370545,45.8119545,46.23825499,46.64665134,47.034782,47.401204,47.74488021,48.06643719,48.36639161,48.6442165,48.89652829,49.11878606,49.30595926,49.45620858,49.57202314,49.65896897,49.71935371,49.75580638,49.77500168,49.78742802,49.80334472,49.83519085,49.89658777,49.99897166,50.15476429,50.37559936,50.6737762,51.0589412,51.52350722,52.05507514,52.64148346,53.2699022,53.92744099,54.60056827,55.27598421,55.94318769,56.59345632,57.22415595,57.8355568,58.42601985,58.98778122,59.51195887,59.99193225,60.42745654,60.820942,61.17597806,,,
Small states,SST,"Life expectancy at birth, total (years)",55.01987433,55.45569334,55.87323777,56.25839097,56.63711393,56.99162951,57.3121124,57.62664367,57.92866557,58.22263886,58.52199677,58.81471783,59.11615772,59.39957261,59.68017506,59.97974171,60.29994635,60.62055069,60.97389856,61.33963388,61.73617874,62.10778885,62.51505022,62.83599642,63.14340077,63.43087594,63.72465191,64.00537581,64.13882669,64.24125314,64.29750844,64.34688147,64.33186137,64.165038,63.9773185,63.86860333,63.77842033,63.61796628,63.34610058,63.2029907,63.1110298,63.0264499,63.08600072,63.14199661,63.35799794,63.67199261,64.04407911,64.5149047,65.05405631,65.63703532,66.2011978,66.74565822,67.28395398,67.76504462,68.20538353,68.61401559,68.96043991,69.27900489,69.5410318,69.77084699,,,
South Asia,SAS,"Life expectancy at birth, total (years)",42.12020816,42.74247871,43.36653563,43.99143797,44.61552081,45.23222477,45.83521832,46.41881233,46.98240038,47.52899842,48.07016801,48.62377828,49.20067526,49.80486862,50.43138091,51.07060799,51.7077331,52.3245296,52.90934316,53.45632849,53.95884444,54.41704975,54.84126704,55.24177036,55.62692868,56.00894442,56.40006974,56.80523584,57.23094945,57.67713345,58.14480093,58.63004674,59.12313452,59.61690857,60.10686437,60.58985547,61.06099231,61.52176469,61.9697088,62.40431133,62.82398281,63.22899212,63.62377106,64.01139646,64.39518784,64.78317085,65.17993289,65.58771357,66.00524977,66.42785669,66.8487685,67.25831619,67.64633754,68.00771543,68.34020332,68.64190072,68.9161581,69.17132773,69.41226994,69.64361743,,,
South Asia (IDA & IBRD),TSA,"Life expectancy at birth, total (years)",42.12020816,42.74247871,43.36653563,43.99143797,44.61552081,45.23222477,45.83521832,46.41881233,46.98240038,47.52899842,48.07016801,48.62377828,49.20067526,49.80486862,50.43138091,51.07060799,51.7077331,52.3245296,52.90934316,53.45632849,53.95884444,54.41704975,54.84126704,55.24177036,55.62692868,56.00894442,56.40006974,56.80523584,57.23094945,57.67713345,58.14480093,58.63004674,59.12313452,59.61690857,60.10686437,60.58985547,61.06099231,61.52176469,61.9697088,62.40431133,62.82398281,63.22899212,63.62377106,64.01139646,64.39518784,64.78317085,65.17993289,65.58771357,66.00524977,66.42785669,66.8487685,67.25831619,67.64633754,68.00771543,68.34020332,68.64190072,68.9161581,69.17132773,69.41226994,69.64361743,,,
Sub-Saharan Africa,SSF,"Life expectancy at birth, total (years)",40.3778968,40.82470979,41.26041742,41.68335655,42.09456971,42.4959583,42.89268563,43.28888661,43.68946231,44.09532078,44.50798609,44.92787966,45.35142907,45.77361196,46.19101111,46.59977644,46.99677709,47.38072445,47.74997973,48.10372265,48.44501387,48.76772191,49.07462779,49.36280694,49.62587722,49.85289679,50.03047594,50.15150429,50.21606218,50.23251447,50.21457407,50.17994751,50.14116257,50.10569675,50.07375817,50.04762598,50.03610253,50.05418024,50.11841734,50.24477112,50.45021391,50.75002366,51.14816454,51.64212387,52.22477202,52.88642826,53.6142094,54.3854324,55.17445654,55.96111815,56.72547002,57.45600208,58.14957771,58.80138624,59.40479692,59.95283057,60.44239356,60.8800163,61.27303249,61.62744251,,,
Sub-Saharan Africa (excluding high income),SSA,"Life expectancy at birth, total (years)",40.3778968,40.82470979,41.26041742,41.68335655,42.09456971,42.4959583,42.89268563,43.28888661,43.68946231,44.09532078,44.50798609,44.92787966,45.35142907,45.77361196,46.19101111,46.59977644,46.99677709,47.38072445,47.74997973,48.10372265,48.4415212,48.76424253,49.07141214,49.35956675,49.6228742,49.84996699,50.02778709,50.14885717,50.21342259,50.23003758,50.21213255,50.17718564,50.13839168,50.10316667,50.07105967,50.04472977,50.03335647,50.05152012,50.11571622,50.24198888,50.44749089,50.74734771,51.14578302,51.63989373,52.22249096,52.88432687,53.61219037,54.38344059,55.17255555,55.95935047,56.72376828,57.45450696,58.14802592,58.80002042,59.40349335,59.95148449,60.44110945,60.87879141,61.27199431,61.6263562,,,
Sub-Saharan Africa (IDA & IBRD countries),TSS,"Life expectancy at birth, total (years)",40.3778968,40.82470979,41.26041742,41.68335655,42.09456971,42.4959583,42.89268563,43.28888661,43.68946231,44.09532078,44.50798609,44.92787966,45.35142907,45.77361196,46.19101111,46.59977644,46.99677709,47.38072445,47.74997973,48.10372265,48.44501387,48.76772191,49.07462779,49.36280694,49.62587722,49.85289679,50.03047594,50.15150429,50.21606218,50.23251447,50.21457407,50.17994751,50.14116257,50.10569675,50.07375817,50.04762598,50.03610253,50.05418024,50.11841734,50.24477112,50.45021391,50.75002366,51.14816454,51.64212387,52.22477202,52.88642826,53.6142094,54.3854324,55.17445654,55.96111815,56.72547002,57.45600208,58.14957771,58.80138624,59.40479692,59.95283057,60.44239356,60.8800163,61.27303249,61.62744251,,,
Upper middle income,UMC,"Life expectancy at birth, total (years)",49.87160224,50.38889366,51.04447495,51.89673925,52.98754233,54.25509703,55.60846427,56.96643829,58.24667002,59.38256099,60.39913665,61.25850838,61.98544745,62.66882528,63.30323919,63.83486347,64.35973765,64.84510614,65.29841299,65.68700706,66.07884119,66.45687419,66.83128913,67.13695364,67.39611066,67.71835302,68.08829511,68.30208663,68.49089728,68.63182327,68.7604989,68.87820352,68.89599585,68.89353294,69.03648507,69.24427952,69.5499664,69.85967929,70.14256126,70.347614,70.59656707,70.8607962,71.10835886,71.36877395,71.66302145,71.92226952,72.258563,72.57590786,72.86467946,73.18988984,73.47072866,73.80798279,74.11799872,74.4357589,74.71433409,74.99742325,75.26616582,75.53371706,75.74501834,75.94693139,,,