Start Date,duration,gender, age_cateory,age,hispanic,race,education,first_lang,yrs_english,comf_reading,comf_writing,children,doubt1,doubt2,prcc_cog_imp,prcc_func_imp,prcc_beh_engag,cchs_per_will,cchs_coll_will,cchs_lack_will,cchs_tot,ccts_bus_say,ccts_com_say,ccts_farm_say,ccts_polt_say,ccts_sci_say,ccts_env_say,ccts_bus_adr,ccts_com_adr,ccts_farm_adr,ccts_polt_adr,ccts_sci_adr,ccts_env_adr,ccai_enercon,ccai_watrcon,ccai_transp,ccai_food,ccai_foodwas,ccai_purch,ccai_recycl,ccai_remove,ccai_actiontot
12/21/21 18:13,347,2,Under 30,24,2,5,16,1,24,10,10,1,1,3,20,15,30,14,20,11,45,3,4,2,4,1,5,3,3,4,2,3,2,46,29,59,26,34,64,58,45,361
12/21/21 18:14,514,1,30+,45,2,3,12,1,45,10,10,1,2,1,8,5,19,3,32,21,56,1,1,1,1,3,1,1,1,1,1,4,2,27,8,11,6,28,20,65,9,174
12/21/21 18:12,657,1,30+,36,2,3,16,1,36,10,10,1,1,3,11,5,26,10,14,15,39,1,1,2,1,2,2,2,2,3,2,3,3,50,8,30,16,37,34,31,14,220
12/21/21 18:20,704,2,30+,41,2,3,16,1,41,10,10,1,1,3,11,8,28,20,32,9,61,3,4,5,1,5,5,4,4,5,3,5,5,54,58,35,26,42,42,34,18,309
12/21/21 18:24,507,1,30+,39,2,3,12,1,39,10,10,1,3,3,9,5,24,12,20,14,46,1,1,1,1,1,1,1,1,1,1,1,1,45,54,22,10,33,42,59,10,275
12/21/21 18:33,1533,1,30+,52,1,3,52,1,52,10,10,1,1,4,8,5,29,13,27,11,51,1,1,1,1,4,4,2,2,2,1,4,4,54,36,34,20,50,42,45,9,290
12/21/21 19:45,1113,1,30+,52,2,3,16,1,52,10,10,1,1,4,13,8,34,17,29,7,53,2,2,2,2,4,4,2,2,2,2,3,4,43,25,32,21,42,34,20,13,230
12/21/21 20:27,548,2,Under 30,27,2,3,16,1,27,10,10,2,1,5,8,5,34,20,30,5,55,2,3,3,3,5,5,2,3,4,4,5,5,34,24,21,14,21,16,38,9,177
12/21/21 20:42,1446,2,30+,32,2,3,12,1,32,10,10,2,3,3,8,5,33,17,24,10,51,1,1,1,1,3,2,2,3,3,2,3,5,41,35,37,22,48,52,43,23,301
12/21/21 21:14,889,2,30+,33,2,3,16,1,27,10,10,2,1,4,12,6,25,15,27,9,51,2,3,4,1,4,3,1,3,2,2,3,3,53,40,25,14,32,38,50,10,262
12/21/21 21:14,1145,2,30+,44,2,3,16,1,44,10,10,1,3,1,8,5,20,5,15,17,37,2,1,2,1,3,2,3,1,3,1,2,2,47,25,28,11,36,23,42,10,222
12/21/21 21:24,1100,1,30+,38,2,3,16,1,38,10,10,2,1,5,25,17,36,16,10,9,35,1,2,2,1,5,5,1,3,2,2,5,5,47,29,62,28,41,50,63,18,338
12/21/21 22:46,501,1,30+,54,2,3,18,1,54,10,10,1,1,3,9,5,18,10,31,14,55,1,1,3,1,2,1,2,3,3,3,2,3,45,25,28,11,26,32,14,11,192
12/21/21 23:29,977,2,30+,32,1,3,16,1,31,10,10,1,1,4,8,5,21,6,11,21,38,1,1,2,1,5,5,2,2,3,3,5,5,13,10,17,7,14,20,21,9,111
12/22/21 0:45,521,1,30+,34,2,1,14,1,34,10,10,1,1,4,9,6,26,15,22,11,48,2,2,3,2,5,5,2,2,3,3,4,4,32,23,39,8,28,37,26,9,202
12/22/21 7:57,241,1,Under 30,29,1,3,15,1,15,10,10,1,1,1,40,25,37,21,32,21,74,5,5,5,5,5,5,5,5,5,5,5,5,90,72,96,44,68,126,94,70,660
12/22/21 8:00,134,2,Under 30,28,1,1,16,1,24,5,8,1,1,3,33,20,31,16,30,15,61,3,4,5,3,5,4,4,4,4,4,4,4,73,63,88,47,67,118,91,75,622
12/22/21 7:57,284,2,Under 30,28,2,3,16,1,28,10,10,2,1,4,14,10,23,8,27,17,52,1,2,2,1,4,5,1,3,2,3,4,5,36,34,25,18,29,61,21,14,238
12/22/21 8:00,146,2,30+,30,2,3,13,1,30,8,6,1,1,3,8,5,21,7,15,9,31,1,2,3,3,4,4,4,3,3,3,2,2,43,38,56,27,42,65,54,43,368
12/22/21 7:59,240,2,30+,40,2,3,16,1,40,10,10,1,1,2,12,6,19,13,15,10,38,4,4,4,5,5,4,4,3,5,4,4,3,46,34,30,11,39,67,54,14,295
12/22/21 7:57,328,1,Under 30,29,2,1,20,1,28,10,10,1,1,4,32,20,33,18,25,18,61,4,3,4,2,3,4,3,4,4,2,3,4,66,47,75,41,56,106,78,54,523
12/22/21 7:57,330,2,30+,30,2,3,12,1,30,10,10,2,1,2,8,5,19,14,28,13,55,1,1,1,1,1,1,1,1,1,1,1,1,43,22,11,6,33,27,59,9,210
12/22/21 8:00,199,1,30+,30,2,2,13,1,30,1,10,2,1,4,11,8,25,13,15,11,39,2,3,3,2,4,3,3,2,4,2,3,3,50,39,57,30,40,69,51,43,379
12/22/21 7:57,334,2,30+,31,2,2,18,1,31,10,10,2,1,3,8,5,27,11,14,15,40,1,1,2,1,2,2,1,1,2,2,2,2,54,50,58,14,52,45,61,24,358
12/22/21 7:58,316,1,30+,45,2,3,12,1,45,10,10,1,1,3,8,5,24,6,6,17,29,1,1,2,1,2,2,1,1,1,1,1,1,60,46,11,14,56,77,23,25,312
12/22/21 7:57,353,1,30+,49,2,3,18,1,49,10,10,1,3,4,8,5,29,21,21,9,51,1,1,5,1,1,1,1,1,5,1,1,1,75,72,11,6,48,67,59,26,364
12/22/21 7:58,341,2,Under 30,27,2,3,18,1,27,10,10,2,1,5,29,19,28,14,29,17,60,4,3,2,4,2,4,4,5,5,3,3,4,39,28,49,23,33,44,27,19,262
12/22/21 7:59,268,2,30+,41,2,3,15,1,41,10,10,2,3,2,8,5,17,12,20,12,44,2,1,2,1,2,1,1,1,2,1,1,1,39,8,24,8,23,22,11,9,144
12/22/21 7:59,280,1,30+,32,2,3,16,1,32,10,10,1,1,1,36,23,38,20,32,20,72,5,4,5,4,5,4,5,4,5,4,5,4,86,68,94,52,68,120,94,77,659
12/22/21 8:01,166,2,30+,34,2,3,14,1,34,10,10,2,1,4,8,5,17,11,17,10,38,4,5,5,5,5,5,5,5,5,4,4,5,48,30,33,6,18,21,11,9,176
12/22/21 7:58,369,1,30+,55,2,3,13,1,52,10,10,1,3,4,8,5,25,15,24,4,43,2,2,2,1,2,3,3,2,2,1,3,3,32,41,28,10,25,25,43,9,213
12/22/21 7:57,393,2,30+,34,2,3,16,1,34,10,10,1,1,4,29,15,28,12,17,15,44,4,3,2,3,3,3,3,3,3,3,4,3,60,53,75,39,52,91,61,57,488
12/22/21 7:57,404,2,30+,39,2,3,12,1,39,10,10,2,1,4,8,5,35,18,27,12,57,1,1,1,1,4,1,1,1,1,1,4,3,44,32,20,14,36,26,41,9,222
12/22/21 7:58,344,1,30+,47,1,3,14,1,47,10,10,1,1,3,8,5,36,9,10,15,34,1,1,1,1,2,3,1,1,1,1,2,3,43,17,16,10,48,33,51,9,227
12/22/21 7:58,345,2,30+,36,2,3,16,1,35,10,10,2,1,4,8,5,23,17,30,7,54,1,2,3,1,5,5,1,2,2,1,3,3,63,40,49,15,23,62,67,16,335
12/22/21 7:57,408,1,30+,43,2,3,20,1,43,10,10,1,2,3,8,5,21,14,19,16,49,1,1,2,1,2,2,1,1,3,1,2,3,43,44,26,10,34,29,17,10,213
12/22/21 8:02,150,2,Under 30,24,2,3,16,1,24,10,10,1,1,3,26,16,30,15,24,14,53,4,3,3,4,3,3,4,4,3,3,4,3,60,44,65,35,50,80,59,59,452
12/22/21 7:58,395,1,30+,30,2,3,16,1,30,10,10,1,1,4,16,7,15,16,28,17,61,3,2,2,2,3,3,3,3,3,2,2,3,53,44,70,39,53,90,73,62,484
12/22/21 7:59,342,2,30+,56,2,3,14,1,56,10,10,1,1,1,8,5,19,3,5,21,29,1,1,1,1,1,1,1,1,1,1,1,1,18,8,19,10,33,19,11,9,127
12/22/21 7:57,428,2,30+,37,1,3,16,1,37,10,10,2,1,4,8,5,29,17,25,8,50,1,2,2,1,5,4,2,3,2,1,4,4,36,18,38,28,24,40,50,9,243
12/22/21 7:57,429,2,30+,47,2,3,20,1,47,10,10,2,1,4,11,6,34,14,29,4,47,2,3,3,1,5,4,2,3,3,1,5,5,54,26,46,12,33,40,65,18,294
12/22/21 7:58,377,1,30+,36,2,3,16,1,36,10,10,2,1,4,8,5,20,14,22,14,50,1,2,2,2,3,4,1,2,1,2,3,4,44,15,30,15,19,24,39,9,195
12/22/21 7:59,364,1,30+,40,2,3,17,1,40,10,10,1,1,3,12,5,22,14,21,17,52,1,1,4,1,1,3,2,4,5,4,4,4,71,48,55,28,54,85,77,45,463
12/22/21 7:57,434,2,30+,41,2,3,14,1,41,10,10,2,1,1,8,5,28,9,15,17,41,1,2,3,1,3,3,1,2,3,1,4,4,33,22,31,10,35,26,51,15,223
12/22/21 7:58,380,1,Under 30,28,2,3,16,1,28,10,10,2,1,5,19,11,32,15,27,10,52,1,1,2,1,5,5,1,3,3,2,5,5,49,30,26,28,48,53,67,9,310
12/22/21 7:58,434,1,30+,36,2,3,12,1,35,10,10,1,3,3,8,5,20,12,25,14,51,2,2,2,2,2,2,2,2,2,2,2,2,39,35,37,16,50,44,11,11,243
12/22/21 7:58,441,2,30+,33,2,3,16,1,33,10,10,1,1,3,8,5,28,11,20,9,40,2,2,3,2,4,3,1,2,2,2,2,3,28,19,11,6,10,22,44,9,149
12/22/21 7:58,424,2,30+,34,2,3,18,1,34,10,10,2,1,4,16,10,38,18,27,9,54,1,4,5,1,5,5,1,4,4,2,5,5,58,56,60,41,63,91,64,25,458
12/22/21 7:58,396,1,30+,57,1,3,20,1,57,10,10,1,1,4,11,6,27,21,31,6,58,1,2,2,2,4,5,1,2,2,2,4,4,56,56,60,45,46,113,76,17,469
12/22/21 7:59,379,2,30+,53,2,3,14,1,53,10,5,1,1,4,9,7,25,11,21,16,48,1,1,3,1,5,3,2,1,3,2,5,4,48,38,22,12,32,23,52,9,236
12/22/21 7:59,376,2,30+,33,2,3,13,1,33,10,10,2,1,4,8,5,26,9,23,17,49,1,1,1,1,5,2,2,2,2,2,4,3,33,15,28,6,25,18,49,9,183
12/22/21 7:58,430,1,Under 30,27,2,3,14,1,27,10,10,2,1,5,18,12,28,18,30,16,64,4,3,2,2,3,3,2,2,3,3,4,4,72,62,40,33,47,100,72,57,483
12/22/21 7:57,472,2,Under 30,25,1,3,16,1,25,10,10,2,1,3,14,6,29,18,24,8,50,2,2,4,1,5,4,2,2,4,3,5,5,58,38,31,16,36,26,50,13,268
12/22/21 7:57,471,2,30+,37,2,3,16,1,37,10,10,2,1,3,22,12,30,11,11,10,32,1,1,4,1,3,2,1,1,3,1,3,4,58,47,37,24,56,51,33,19,325
12/22/21 7:59,354,3,Under 30,21,2,3,15,1,21,10,10,2,1,4,29,19,39,12,26,9,47,2,4,3,2,5,5,1,4,3,2,4,5,57,54,49,31,37,52,67,13,360
12/22/21 7:59,387,1,30+,37,2,3,16,1,37,10,10,2,1,4,8,5,24,15,20,19,54,1,3,3,2,5,3,3,2,2,3,2,2,27,15,31,16,25,23,13,9,159
12/22/21 7:59,369,2,30+,36,2,3,16,1,36,10,10,2,1,3,14,10,27,18,26,7,51,3,2,4,2,3,2,3,2,3,2,3,3,68,57,67,42,49,81,69,53,486
12/22/21 7:58,464,2,30+,44,2,3,16,1,44,10,9,1,2,2,8,5,25,10,20,12,42,3,3,3,1,3,1,3,3,3,1,3,1,40,23,46,13,28,25,34,9,218
12/22/21 8:01,316,2,Under 30,19,2,3,12,1,19,10,10,2,1,4,10,5,28,18,28,6,52,1,3,2,3,5,5,1,2,2,2,4,5,43,26,46,17,33,32,60,12,269
12/22/21 7:58,475,2,Under 30,25,2,3,16,1,25,10,10,2,1,4,13,6,30,14,26,10,50,1,2,2,1,4,4,1,1,1,1,3,4,49,26,41,11,38,42,46,9,262
12/22/21 7:57,503,2,Under 30,28,2,3,16,1,28,10,10,2,1,5,9,6,31,11,24,16,51,1,3,4,1,5,5,1,2,3,1,5,5,45,36,39,19,32,39,45,10,265
12/22/21 7:59,423,2,Under 30,23,2,1,12,1,23,10,10,2,3,3,9,5,20,10,33,12,55,1,2,5,1,5,4,1,2,1,1,5,5,42,16,24,6,47,56,18,14,223
12/22/21 7:58,502,1,30+,61,2,3,16,1,61,10,10,1,1,4,8,8,31,16,28,10,54,2,2,2,2,4,2,1,1,1,2,3,5,42,27,45,10,33,36,51,9,253
12/22/21 8:04,155,2,30+,31,2,3,12,1,32,10,10,2,2,5,34,21,33,19,28,17,64,3,5,4,3,4,4,4,5,5,5,5,3,38,29,37,20,26,31,28,10,219
12/22/21 8:00,389,2,30+,39,2,3,13,1,39,10,10,2,1,5,8,5,28,18,28,6,52,2,2,2,2,4,4,2,2,2,2,3,3,65,41,43,27,47,58,70,16,367
12/22/21 7:58,526,2,30+,41,2,1,16,1,41,10,10,2,1,4,8,5,27,18,14,7,39,1,2,2,1,4,3,1,1,2,1,4,4,39,11,21,25,45,43,64,23,271
12/22/21 7:59,455,1,30+,54,2,3,14,1,54,10,10,1,1,3,9,5,28,18,32,3,53,3,3,4,2,4,4,2,2,4,2,4,4,68,55,43,14,64,78,91,38,451
12/22/21 7:58,542,2,Under 30,29,2,3,16,1,29,10,10,2,1,4,8,5,23,13,23,13,49,1,1,1,1,3,2,1,2,2,1,3,4,39,34,44,16,28,38,51,9,259
12/22/21 8:00,376,2,Under 30,23,1,3,16,1,23,10,10,2,1,4,11,8,27,13,24,11,48,1,3,3,1,5,5,1,4,4,2,5,5,60,45,48,27,40,77,37,10,344
12/22/21 7:59,472,2,Under 30,26,2,3,13,1,26,10,10,2,1,4,12,5,30,13,28,8,49,3,2,3,2,5,3,3,3,2,3,4,3,38,28,33,12,37,37,53,9,247
12/22/21 7:58,497,1,Under 30,26,2,1,13,1,26,10,10,2,1,3,40,25,41,21,35,21,77,1,5,3,1,4,5,1,5,3,3,4,5,85,72,99,54,72,126,99,81,688
12/22/21 7:59,484,1,Under 30,27,2,3,17,1,27,10,10,2,1,4,21,13,25,15,25,15,55,1,1,3,1,3,3,1,1,3,1,3,3,52,45,57,41,47,64,77,39,422
12/22/21 8:00,409,2,30+,40,2,1,16,1,40,10,10,1,2,1,31,21,33,18,29,15,62,4,5,4,3,4,3,4,5,4,5,3,4,66,56,76,45,59,105,81,66,554
12/22/21 7:59,451,2,30+,38,2,3,13,1,38,10,10,2,1,4,8,5,22,15,27,8,50,1,2,2,1,3,3,1,1,1,1,3,4,30,23,16,6,32,27,41,9,184
12/22/21 8:00,425,2,30+,46,2,2,16,1,46,10,10,2,1,4,15,5,31,17,28,7,52,2,3,2,2,4,4,4,3,2,2,4,5,51,27,51,30,40,62,52,11,324
12/22/21 7:58,566,2,30+,39,2,3,12,1,39,10,10,2,1,5,8,5,27,13,25,12,50,1,1,2,1,5,4,1,1,2,1,5,4,29,20,44,6,24,42,20,9,194
12/22/21 8:00,399,1,30+,65,2,3,18,1,65,10,10,1,1,4,12,5,26,19,31,6,56,2,2,2,1,5,5,2,2,2,2,5,5,69,57,61,6,42,64,56,9,364
12/22/21 7:58,556,2,Under 30,28,2,3,18,1,28,10,10,2,1,3,8,5,22,15,34,9,58,3,3,3,2,5,3,2,3,3,2,5,4,33,24,26,15,34,21,28,9,190
12/22/21 7:57,586,2,30+,51,2,3,16,1,51,10,10,1,1,3,10,6,29,19,26,10,55,2,2,1,2,4,4,2,3,2,2,4,5,51,36,42,20,37,33,28,9,256
12/22/21 7:58,574,2,30+,39,2,3,14,1,39,10,10,1,1,3,9,5,29,11,24,13,48,1,1,1,1,2,1,1,1,1,1,1,1,48,24,51,14,46,21,11,9,224
12/22/21 7:57,578,2,30+,39,1,6,18,1,39,10,10,2,1,5,8,5,27,19,29,3,51,1,4,3,1,5,5,1,4,3,1,5,5,58,51,63,41,48,72,70,19,422
12/22/21 7:58,564,2,30+,31,2,3,16,1,31,10,10,1,1,4,14,11,37,18,23,11,52,1,2,2,1,4,2,1,1,2,1,4,3,60,56,59,32,47,59,58,31,402
12/22/21 8:01,399,1,30+,54,2,3,18,1,54,10,10,1,1,3,8,5,28,16,28,5,49,3,4,3,2,5,3,2,3,3,3,5,5,56,40,46,24,41,53,59,12,331
12/22/21 7:58,569,2,30+,54,2,3,16,1,54,10,10,2,1,4,8,6,28,17,29,7,53,1,2,3,2,4,3,2,2,3,2,3,5,42,23,41,19,39,42,52,11,269
12/22/21 8:00,410,1,30+,40,2,3,18,1,40,10,10,1,2,3,8,5,23,18,32,3,53,2,2,4,1,1,1,2,2,4,1,1,3,65,60,50,16,55,74,49,15,384
12/22/21 7:58,575,1,30+,37,2,3,16,1,37,10,10,1,1,2,8,5,21,13,26,9,48,2,3,5,1,2,2,2,3,5,1,2,4,49,41,22,15,51,40,39,16,273
12/22/21 7:58,561,2,30+,52,2,3,16,1,52,10,10,2,1,4,8,5,29,16,32,7,55,3,3,5,2,5,4,3,2,2,2,5,3,36,8,48,11,25,32,43,9,212
12/22/21 7:59,491,1,30+,55,2,3,20,1,55,10,10,2,1,4,13,5,34,19,33,6,58,1,2,2,2,5,5,2,2,2,3,5,5,34,44,61,28,43,60,65,25,360
12/22/21 7:59,532,2,30+,34,2,3,12,1,34,10,9,1,1,4,13,8,35,16,26,7,49,1,2,3,1,4,4,1,2,2,3,4,4,48,13,26,8,31,23,29,11,189
12/22/21 7:58,572,1,30+,35,2,3,12,1,35,10,10,1,1,4,11,5,36,14,19,8,41,1,1,1,1,5,5,1,3,1,1,5,5,56,29,33,21,41,26,53,10,269
12/22/21 7:59,491,2,30+,37,2,2,16,1,37,10,10,2,1,5,9,5,27,16,23,10,49,1,3,4,1,5,4,2,3,3,2,5,5,50,34,49,35,54,55,75,15,367
12/22/21 8:02,318,1,30+,41,2,3,18,1,41,10,10,2,1,4,9,5,24,15,26,9,50,1,4,3,2,4,4,2,4,3,2,4,4,45,34,19,16,29,29,55,9,236
12/22/21 7:58,561,2,Under 30,26,2,3,12,1,26,10,10,2,1,4,18,11,38,19,32,3,54,1,2,3,2,5,5,1,3,3,4,5,5,74,63,68,38,57,79,63,43,485
12/22/21 8:00,460,2,30+,30,2,3,12,1,30,10,10,2,1,2,10,6,25,11,22,18,51,1,1,1,1,2,2,1,1,1,1,1,2,46,21,28,18,28,38,21,9,209
12/22/21 8:01,390,1,30+,33,2,3,16,1,33,10,10,1,1,2,8,5,28,6,10,18,34,1,1,1,1,1,1,1,1,1,1,1,1,48,24,11,6,16,22,41,9,177
12/22/21 7:59,508,1,30+,36,2,3,16,1,36,10,10,2,1,4,15,5,32,15,25,12,52,3,4,4,2,4,5,3,3,3,2,5,5,62,42,54,26,40,54,62,27,367
12/22/21 7:57,623,2,30+,31,2,3,13,1,31,10,10,2,1,4,8,5,26,18,30,3,51,1,1,1,1,5,5,1,1,1,3,5,5,38,41,12,13,27,19,50,9,209
12/22/21 8:00,433,1,30+,61,2,3,16,1,61,10,10,1,1,3,11,6,34,21,23,3,47,2,3,4,1,5,5,2,3,4,2,5,5,54,38,30,16,35,53,55,11,292
12/22/21 8:00,453,1,30+,49,2,3,14,1,49,10,10,1,1,5,8,5,27,18,19,6,43,1,1,2,1,4,4,1,1,1,1,4,5,42,10,35,12,40,29,24,16,208
12/22/21 7:59,506,2,Under 30,27,2,1,12,1,27,10,10,2,1,4,8,5,24,17,29,6,52,2,3,4,3,5,4,3,3,4,4,4,4,39,28,22,6,32,43,11,11,192
12/22/21 7:58,587,2,30+,58,2,3,16,1,58,10,10,2,1,3,11,7,29,16,24,6,46,2,2,3,1,5,5,2,3,3,1,4,5,47,29,32,31,52,41,70,29,331
12/22/21 8:00,487,1,Under 30,29,2,3,12,1,29,10,10,1,1,3,9,5,23,16,27,10,53,2,3,3,2,4,4,2,3,3,3,4,4,57,24,30,26,46,48,31,17,279
12/22/21 8:03,308,2,30+,38,2,3,16,1,38,10,10,2,1,1,17,9,28,13,24,6,43,2,3,3,2,4,5,2,3,3,2,4,5,61,42,56,27,49,83,63,27,408
12/22/21 7:58,626,1,30+,68,2,3,18,1,68,10,10,1,1,4,13,11,35,21,27,6,54,1,2,2,3,5,5,2,3,2,3,5,5,63,46,42,39,48,66,53,21,378
12/22/21 8:00,508,1,30+,31,2,3,14,1,31,10,10,2,1,4,8,6,27,11,17,13,41,1,1,1,1,2,2,1,1,2,1,4,4,44,18,32,8,34,32,11,9,188
12/22/21 7:58,629,1,30+,60,2,3,12,1,60,10,10,1,1,3,9,6,25,10,27,11,48,3,3,4,2,2,2,3,4,4,3,3,3,46,36,22,11,34,31,47,9,236
12/22/21 7:59,552,1,30+,31,2,3,18,1,31,10,10,2,3,2,9,5,26,11,22,14,47,1,1,3,1,3,2,1,1,2,1,3,3,46,35,40,16,38,34,49,12,270
12/22/21 8:01,422,1,30+,39,2,3,16,1,38,10,10,2,1,4,9,5,28,12,20,10,42,1,1,3,1,4,3,1,1,1,1,4,4,25,24,17,6,35,24,50,17,198
12/22/21 7:58,609,1,30+,49,2,3,16,1,49,10,10,1,1,5,8,6,28,16,27,8,51,1,3,2,2,5,5,1,3,2,3,5,5,41,30,31,23,34,30,61,26,276
12/22/21 7:59,544,2,30+,58,2,3,12,1,58,10,10,1,1,4,11,7,29,18,30,6,54,3,4,3,2,5,4,4,4,4,2,5,5,55,47,46,30,44,50,59,19,350
12/22/21 7:57,657,1,30+,54,2,3,14,1,54,10,10,1,1,2,8,5,24,14,21,12,47,3,2,4,1,3,1,2,2,4,3,4,5,53,32,24,13,31,33,41,9,236
12/22/21 7:58,614,1,30+,33,2,3,14,1,33,10,10,2,1,5,8,5,29,15,22,15,52,1,1,1,1,5,5,1,1,1,1,5,5,36,25,13,20,37,26,57,9,223
12/22/21 8:00,527,2,30+,32,2,3,13,1,32,10,10,2,1,4,10,5,27,15,27,9,51,2,3,3,3,5,4,2,3,3,4,4,4,42,22,34,6,24,18,12,10,168
12/22/21 8:01,479,1,30+,49,2,3,16,1,49,10,10,1,1,4,10,5,29,20,32,3,55,2,1,2,1,4,3,3,2,2,2,4,3,47,33,36,18,30,34,55,10,263
12/22/21 8:01,480,1,30+,43,2,3,18,1,43,10,10,2,1,4,8,5,30,9,15,18,42,2,3,4,3,4,4,1,3,3,2,3,3,35,18,28,14,43,40,47,9,234
12/22/21 7:58,644,1,Under 30,29,2,3,19,1,29,10,10,2,1,4,22,9,31,16,27,11,54,1,2,2,1,5,4,2,2,2,2,4,4,45,24,38,22,35,46,11,9,230
12/22/21 8:00,545,2,30+,33,2,3,16,1,33,10,10,1,1,1,24,20,33,17,22,18,57,4,4,3,3,4,4,3,3,3,4,3,5,70,56,88,48,69,112,88,72,603
12/22/21 7:59,610,1,30+,56,1,3,19,1,56,10,10,1,1,4,8,5,30,18,21,6,45,3,3,3,2,5,5,3,3,3,2,5,5,61,55,55,33,44,49,90,21,408
12/22/21 8:02,405,2,Under 30,26,2,1,16,1,26,10,10,2,1,5,19,16,30,19,31,17,67,2,2,3,2,3,5,1,2,3,2,5,5,88,71,91,45,45,116,69,57,582
12/22/21 7:57,680,1,30+,32,2,3,12,1,32,10,10,1,1,3,9,6,27,12,24,10,46,1,1,3,1,3,3,1,3,3,1,3,3,41,22,32,10,43,31,63,9,251
12/22/21 7:58,653,2,30+,31,2,3,15,1,31,10,10,2,1,4,8,8,34,16,24,12,52,2,3,3,3,5,3,2,2,2,2,5,4,32,17,39,13,35,36,52,11,235
12/22/21 8:03,346,1,30+,37,2,3,18,1,37,10,10,2,1,5,14,12,36,14,27,6,47,1,3,2,2,5,5,1,3,2,2,5,5,50,27,38,36,47,62,73,17,350
12/22/21 8:02,430,2,Under 30,25,2,3,16,1,25,10,10,2,1,3,9,5,27,13,24,14,51,1,1,2,1,5,5,1,1,2,2,5,5,38,28,46,6,30,37,25,11,221
12/22/21 7:59,597,2,30+,62,2,3,16,1,61,10,10,2,1,5,9,5,33,18,30,3,51,2,2,5,1,5,5,1,1,4,1,5,5,55,36,42,18,47,37,52,15,302
12/22/21 8:03,374,2,30+,43,2,3,18,1,43,10,10,1,1,4,10,8,28,15,27,10,52,1,2,2,1,5,4,2,2,2,2,3,3,58,26,43,21,37,26,11,11,233
12/22/21 7:58,653,1,30+,44,2,6,15,1,44,10,10,2,1,4,8,5,34,21,26,5,52,1,2,2,1,5,5,1,2,2,2,5,5,57,35,50,23,33,28,60,9,295
12/22/21 7:58,628,1,30+,52,2,2,16,1,52,10,10,2,1,3,8,6,23,18,30,18,66,1,1,4,1,5,5,2,1,2,1,4,4,56,57,36,26,56,93,61,9,394
12/22/21 7:59,608,1,30+,62,2,1,16,1,62,10,10,2,1,4,11,5,35,18,29,7,54,1,4,5,1,5,4,1,4,4,1,5,4,52,49,52,32,37,46,49,13,330
12/22/21 7:59,621,1,30+,70,2,3,13,1,70,10,10,1,1,2,8,5,26,11,14,17,42,1,1,1,1,2,1,2,2,2,3,3,3,64,23,37,12,38,34,51,25,284
12/22/21 8:01,475,1,Under 30,28,2,6,12,1,27,10,10,1,1,4,13,5,29,18,32,7,57,2,3,4,1,5,5,2,3,4,1,5,5,69,36,52,12,32,70,58,25,354
12/22/21 7:59,590,2,30+,43,2,3,18,1,43,10,10,2,1,4,19,14,35,20,30,5,55,3,3,5,2,5,3,3,3,4,2,4,3,44,28,55,33,48,56,54,40,358
12/22/21 8:01,500,2,30+,59,2,3,18,1,59,10,10,1,1,3,11,5,26,16,29,6,51,3,2,3,1,4,3,4,3,3,2,5,3,40,35,29,12,38,41,63,15,273
12/22/21 7:58,653,2,30+,34,2,3,18,1,34,10,10,2,1,2,8,5,28,10,18,12,40,1,1,3,1,1,1,1,1,2,1,1,1,45,34,41,30,41,46,48,11,296
12/22/21 8:00,533,1,30+,41,2,3,13,1,41,10,10,1,2,6,8,5,23,17,22,7,46,1,2,2,1,2,2,2,3,3,2,2,2,48,36,26,18,56,67,50,15,316
12/22/21 7:59,596,2,30+,57,2,3,16,1,57,10,10,2,1,5,11,5,24,14,21,12,47,2,2,3,1,4,4,2,2,2,1,3,3,49,29,47,16,34,36,53,9,273
12/22/21 8:03,400,2,30+,38,2,3,18,1,38,10,10,1,1,4,8,5,31,14,26,4,44,3,3,3,2,5,4,3,4,2,3,4,5,42,31,45,17,35,34,60,14,278
12/22/21 8:01,488,2,30+,34,1,3,17,1,34,10,10,1,3,7,8,5,23,12,27,12,51,2,2,3,1,4,2,2,2,3,2,4,3,59,19,26,10,23,24,44,16,221
12/22/21 8:00,584,2,30+,30,2,3,14,1,29,10,10,2,1,4,13,7,34,16,30,7,53,1,3,3,2,5,4,1,3,2,1,5,3,43,32,28,16,30,28,45,15,237
12/22/21 7:58,704,1,Under 30,22,2,1,14,1,22,10,10,2,1,3,10,5,32,15,29,4,48,2,2,3,2,5,5,1,2,3,3,5,4,37,37,37,19,32,55,49,12,278
12/22/21 7:59,628,2,30+,71,2,3,16,1,71,10,10,1,1,4,17,8,34,21,18,7,46,1,1,2,1,5,5,1,1,2,1,5,5,54,30,44,28,40,61,66,26,349
12/22/21 7:58,689,1,30+,47,2,3,15,1,47,10,10,1,1,1,12,6,34,6,6,19,31,1,1,3,1,3,3,1,1,2,1,2,2,49,24,38,10,33,28,17,9,208
12/22/21 8:01,533,2,30+,51,2,3,14,1,51,10,10,2,3,3,8,5,20,12,30,14,56,3,3,3,3,3,3,3,3,4,4,5,4,60,46,40,12,48,29,23,9,267
12/22/21 8:04,338,2,30+,37,1,3,14,1,37,10,10,2,1,2,12,10,16,7,11,7,25,3,3,4,3,3,3,3,3,3,4,3,3,44,20,25,14,20,34,28,21,206
12/22/21 7:58,686,1,30+,55,2,1,19,1,55,10,10,2,1,3,8,5,26,17,26,8,51,1,2,3,1,4,4,2,2,2,1,5,5,53,38,51,28,43,47,39,9,308
12/22/21 7:59,661,2,30+,51,2,3,18,1,51,10,10,1,1,4,11,5,37,21,30,7,58,2,2,3,1,4,5,3,2,3,2,4,4,68,61,43,23,45,45,62,19,366
12/22/21 8:01,517,2,30+,41,2,3,16,1,41,10,10,1,3,3,10,5,25,12,14,14,40,2,3,3,1,2,1,1,2,2,5,5,5,38,32,17,10,28,43,25,11,204
12/22/21 8:04,340,2,30+,34,2,3,13,1,34,10,10,1,1,2,12,5,31,18,25,6,49,4,4,5,2,2,3,4,3,4,2,2,3,48,21,15,10,32,30,42,9,207
12/22/21 7:58,723,2,Under 30,24,2,3,12,1,24,10,10,2,1,4,16,10,31,17,31,6,54,1,1,1,1,5,3,1,1,1,2,5,4,38,23,35,15,28,31,15,13,198
12/22/21 7:58,713,1,30+,40,2,3,12,1,40,10,10,1,1,4,10,5,26,15,25,12,52,1,3,3,1,4,4,3,4,3,4,5,5,24,21,27,8,33,34,49,10,206
12/22/21 7:59,638,1,30+,35,2,3,16,1,34,10,10,2,1,4,9,5,25,17,29,9,55,1,2,2,1,5,5,2,2,2,1,5,5,50,34,31,14,44,52,20,9,254
12/22/21 7:58,702,3,30+,51,2,6,16,1,51,10,10,2,1,4,8,5,24,13,20,10,43,2,2,2,1,4,2,2,2,1,2,4,2,49,29,35,10,28,16,50,10,227
12/22/21 8:03,416,1,30+,45,2,3,12,1,45,10,10,1,3,3,8,5,18,11,27,3,41,3,3,3,5,4,5,2,3,3,5,5,5,24,11,26,11,17,27,11,12,139
12/22/21 8:00,576,2,30+,47,2,1,18,1,47,10,10,1,1,4,8,5,24,16,25,9,50,2,3,3,2,5,4,1,3,3,1,4,5,28,20,15,8,27,24,15,11,148
12/22/21 7:58,719,2,30+,55,2,3,14,1,55,10,10,2,1,4,10,6,33,16,25,8,49,1,2,2,2,4,2,1,2,2,2,4,4,54,28,44,30,50,47,75,19,347
12/22/21 8:01,511,2,30+,32,2,3,21,1,31,10,10,1,1,3,10,5,21,14,23,13,50,2,1,1,1,3,2,3,3,2,2,3,3,39,21,37,11,35,28,46,15,232
12/22/21 7:59,632,3,30+,48,2,2,16,1,48,10,10,2,1,4,8,5,28,9,23,15,47,3,3,3,1,5,3,2,1,2,5,5,3,34,8,32,11,19,18,68,12,202
12/22/21 7:59,649,2,30+,37,2,3,12,1,37,10,10,2,1,4,15,7,33,16,30,9,55,1,3,4,2,3,4,2,4,4,3,4,4,66,54,35,12,34,38,45,20,304
12/22/21 8:00,615,1,Under 30,27,2,1,16,1,27,10,10,2,1,4,10,6,32,15,25,14,54,1,2,2,2,4,5,1,2,1,2,3,3,51,24,33,20,35,33,66,9,271
12/22/21 8:00,621,2,30+,47,2,3,12,1,47,10,10,2,1,5,9,6,32,19,25,5,49,1,2,2,2,5,5,1,2,2,2,5,5,64,50,53,34,52,46,43,13,355
12/22/21 8:03,422,2,Under 30,28,2,3,16,1,28,10,10,2,3,3,8,5,24,14,26,7,47,1,3,3,1,3,3,1,3,3,2,4,5,44,24,30,10,22,27,60,11,228
12/22/21 7:58,713,1,30+,50,2,3,14,1,50,10,10,1,1,3,8,5,29,18,31,3,52,3,3,4,3,4,4,4,4,5,4,5,5,67,51,78,38,58,107,86,72,557
12/22/21 7:59,648,2,30+,57,2,3,16,1,57,10,10,2,1,3,11,7,28,16,27,6,49,1,2,5,1,2,2,1,3,5,1,2,2,43,29,27,26,48,34,51,14,272
12/22/21 7:59,679,2,30+,37,2,3,14,1,37,10,10,1,1,2,14,7,29,16,27,9,52,2,4,3,2,5,3,2,3,3,3,4,4,49,41,26,13,44,43,50,14,280
12/22/21 7:59,644,2,30+,51,2,3,16,1,50,10,10,2,1,1,8,5,21,3,5,21,29,1,1,3,1,1,1,1,1,1,1,1,1,18,8,11,9,21,20,32,9,128
12/22/21 8:01,564,1,30+,38,2,3,16,1,38,10,10,1,1,4,9,5,26,18,17,11,46,2,2,2,2,5,5,2,2,2,3,5,5,58,29,20,20,26,33,62,11,259
12/22/21 7:59,659,1,30+,37,2,3,13,1,37,10,10,1,1,4,8,5,26,17,30,3,50,3,3,3,3,3,3,3,3,3,3,4,4,42,28,26,10,31,42,21,9,209
12/22/21 7:59,687,1,30+,39,2,2,20,1,39,10,10,1,1,4,20,13,37,18,25,9,52,4,4,5,3,5,5,4,4,5,3,5,5,73,69,70,40,55,80,72,65,524
12/22/21 8:01,559,2,30+,52,2,1,15,1,52,10,10,2,1,3,8,16,33,19,31,6,56,2,3,3,2,4,4,2,4,3,2,4,4,49,27,44,6,35,40,32,9,242
12/22/21 8:00,607,1,30+,67,2,3,14,1,67,10,10,2,1,3,8,5,27,21,31,3,55,3,3,4,1,3,3,4,4,3,2,4,5,60,58,39,24,44,53,55,18,351
12/22/21 7:57,788,1,30+,43,2,3,16,1,43,10,10,2,1,5,9,5,31,17,28,6,51,1,3,3,1,4,4,1,3,2,1,3,4,62,43,46,19,41,39,62,9,321
12/22/21 7:58,754,1,30+,50,2,3,12,1,50,10,10,1,1,3,8,5,28,14,24,11,49,1,2,4,1,2,1,3,3,4,4,4,4,33,24,31,13,34,38,45,10,228
12/22/21 8:02,488,2,30+,40,2,1,15,1,40,10,10,1,1,5,8,5,28,18,29,7,54,3,4,3,2,5,5,3,4,3,2,5,5,52,45,37,20,31,32,69,13,299
12/22/21 7:58,781,2,30+,69,2,3,12,1,68,10,10,2,1,5,10,5,32,17,28,8,53,1,3,2,2,5,5,1,3,2,1,5,5,41,33,49,19,38,33,11,9,233
12/22/21 8:00,648,1,Under 30,28,2,3,12,1,28,10,10,2,1,4,9,5,25,18,27,3,48,1,4,5,1,5,3,1,4,5,2,4,5,37,23,34,6,22,30,61,9,222
12/22/21 8:00,638,2,30+,49,2,3,17,1,49,10,10,1,1,3,8,5,31,17,29,6,52,2,2,3,2,4,2,3,2,3,2,4,3,26,28,39,14,26,22,63,9,227
12/22/21 8:00,664,1,Under 30,25,2,3,16,1,25,10,10,1,1,4,16,9,25,16,27,12,55,2,3,3,2,4,4,2,3,3,2,4,5,48,24,41,20,33,51,35,27,279
12/22/21 8:01,581,1,30+,40,2,3,16,1,40,10,10,2,2,1,8,5,22,6,9,9,24,1,1,2,1,1,1,1,1,1,1,1,1,51,15,23,12,27,30,35,24,217
12/22/21 8:03,473,2,30+,70,2,3,14,1,70,10,10,1,1,4,11,5,30,15,26,6,47,2,2,3,2,5,5,2,3,3,2,5,5,38,30,37,33,26,34,22,16,236
12/22/21 7:59,739,2,Under 30,28,2,3,16,1,28,10,10,2,3,7,8,5,17,12,28,10,50,5,5,5,5,5,5,4,4,4,4,4,4,41,16,27,11,14,14,35,9,167
12/22/21 8:01,617,1,30+,34,2,3,16,1,34,10,10,1,1,4,8,5,28,15,29,13,57,3,4,4,3,4,5,2,3,3,2,3,5,32,18,32,16,31,40,57,16,242
12/22/21 7:58,787,2,30+,33,1,3,18,1,33,10,10,2,1,1,8,5,26,6,15,20,41,1,2,3,1,3,3,3,4,4,3,5,5,45,48,47,21,48,56,64,13,342
12/22/21 8:00,664,1,30+,39,2,3,14,1,39,10,10,1,1,3,10,5,30,18,26,3,47,1,3,4,1,5,4,2,3,4,2,5,5,71,38,47,28,50,58,75,23,390
12/22/21 8:01,640,2,30+,58,2,3,12,1,58,10,10,1,1,2,8,5,22,8,14,18,40,1,1,2,1,3,2,2,2,4,2,3,3,35,22,27,6,37,25,36,9,197
12/22/21 8:00,691,2,30+,48,2,3,16,1,48,10,10,2,1,2,9,5,33,13,16,15,44,1,2,2,1,3,2,2,2,2,5,5,5,51,18,22,14,30,23,35,11,204
12/22/21 7:58,788,2,30+,31,2,1,16,1,31,9,9,1,1,3,26,17,30,16,28,16,60,2,3,3,2,4,4,2,4,4,2,5,4,63,61,82,48,68,110,82,67,581
12/22/21 7:57,832,1,30+,69,2,3,16,1,69,10,10,1,1,2,8,5,24,12,23,12,47,1,1,3,1,2,2,2,2,2,3,3,3,49,26,37,13,40,25,59,9,258
12/22/21 8:04,420,2,30+,32,1,3,13,1,32,10,10,1,1,4,20,12,31,17,25,8,50,1,3,3,2,5,5,1,3,3,2,5,5,54,31,32,22,56,81,60,29,365
12/22/21 8:03,530,2,Under 30,23,2,2,16,1,23,10,10,2,1,4,9,5,21,12,24,11,47,2,3,3,2,4,5,2,2,2,2,4,5,52,21,28,11,25,28,25,9,199
12/22/21 7:59,739,2,30+,56,2,3,16,1,56,10,10,1,1,4,9,5,33,12,29,12,53,1,3,3,1,5,4,2,2,1,1,4,4,35,18,43,15,32,44,63,12,262
12/22/21 8:03,530,2,30+,52,2,3,14,1,52,10,10,2,1,4,9,6,32,16,30,10,56,3,3,4,3,5,4,4,4,4,4,5,5,42,26,31,10,25,35,44,12,225
12/22/21 8:06,356,1,Under 30,26,2,3,16,1,26,10,10,2,1,4,8,7,30,8,5,19,32,1,1,1,1,4,3,1,1,1,1,2,2,35,34,32,13,29,24,32,9,208
12/22/21 8:01,653,2,30+,46,2,3,16,1,46,10,10,2,1,3,8,5,18,6,24,14,44,1,1,3,1,3,1,2,1,3,2,2,1,29,8,28,6,25,20,19,9,144
12/22/21 8:00,675,1,30+,56,2,3,18,1,56,10,10,1,1,5,8,5,26,18,27,5,50,2,3,3,3,5,5,3,3,3,3,5,5,48,27,32,22,33,35,50,9,256
12/22/21 7:59,787,1,30+,53,2,3,20,1,53,10,10,1,3,1,8,5,20,3,15,17,35,1,1,2,1,2,1,1,1,1,1,1,1,47,15,29,8,30,37,38,15,219
12/22/21 8:01,660,1,30+,40,2,3,15,1,40,10,10,1,1,4,8,5,31,18,30,6,54,3,3,3,3,4,4,3,3,3,3,5,5,53,32,34,17,26,40,13,9,224
12/22/21 8:00,737,2,Under 30,23,1,4,16,1,23,10,10,1,1,3,11,5,25,18,24,5,47,1,2,3,1,3,4,1,2,2,1,3,4,74,54,55,33,48,68,62,27,421
12/22/21 8:01,654,1,30+,66,2,3,16,1,66,10,10,1,1,2,9,7,30,17,29,8,54,3,3,4,2,3,2,4,5,4,5,5,5,65,34,26,10,44,31,51,13,274
12/22/21 8:02,580,1,30+,36,2,3,18,1,36,10,10,1,1,4,21,13,39,17,24,14,55,2,4,3,2,5,5,2,3,3,2,5,5,61,38,39,23,45,40,59,12,317
12/22/21 8:02,618,2,30+,47,2,3,18,1,47,10,10,1,1,3,9,10,31,18,30,4,52,5,3,3,2,5,3,2,3,1,3,4,4,49,19,28,19,31,42,61,12,261
12/22/21 8:02,636,2,Under 30,23,2,1,16,1,23,10,10,1,1,4,24,15,30,15,28,8,51,2,4,4,2,3,4,2,4,4,2,4,4,74,58,76,44,49,94,73,60,528
12/22/21 8:00,751,1,30+,58,2,3,16,1,58,10,10,2,1,5,10,17,34,18,15,16,49,1,3,2,2,4,4,1,4,2,2,4,5,72,56,69,45,59,89,61,26,477
12/22/21 8:01,666,1,30+,36,2,4,16,1,36,10,10,1,1,5,23,13,40,19,31,4,54,2,4,3,3,5,5,2,4,2,3,5,5,68,51,45,32,49,64,51,15,375
12/22/21 8:01,657,2,Under 30,26,2,3,12,1,26,10,10,2,1,4,11,6,22,19,29,4,52,2,3,3,3,5,5,2,3,3,2,5,5,48,21,22,14,34,38,47,15,239
12/22/21 8:00,716,1,30+,58,2,3,12,1,58,10,10,1,1,3,13,8,29,17,32,7,56,2,2,3,1,4,4,2,2,3,2,3,4,50,38,44,19,33,37,87,19,327
12/22/21 7:59,794,2,30+,44,2,3,12,1,44,10,10,1,1,2,8,5,26,15,25,9,49,2,2,2,2,4,4,3,2,2,2,4,4,49,8,42,8,28,30,53,14,232
12/22/21 8:03,583,2,30+,32,2,2,14,1,32,10,10,2,1,3,8,5,27,4,32,16,52,1,1,1,1,3,1,1,1,1,1,3,1,27,16,32,6,26,20,43,9,179
12/22/21 8:00,724,1,30+,64,2,3,12,1,64,10,10,1,1,4,8,5,26,16,25,9,50,1,1,3,1,3,2,1,1,4,2,4,5,42,27,36,12,38,47,15,13,230
12/22/21 8:00,791,2,30+,67,2,3,12,1,67,10,10,1,1,4,10,6,30,17,26,3,46,2,3,3,2,5,5,1,2,3,2,5,5,57,28,29,12,36,44,31,20,257
12/22/21 7:59,821,2,30+,34,2,1,12,1,34,10,10,2,1,4,13,5,31,18,24,7,49,3,3,2,2,5,4,3,2,3,3,5,5,50,43,27,12,18,28,48,9,235
12/22/21 7:57,947,1,30+,38,2,3,13,1,38,10,10,2,1,1,8,5,25,11,31,18,60,1,1,1,1,1,1,1,1,1,2,1,2,17,12,16,14,35,35,59,9,197
12/22/21 7:59,839,1,30+,31,2,3,16,1,31,10,10,2,1,3,9,8,30,10,27,12,49,1,3,3,1,5,5,3,3,2,3,5,5,40,25,30,14,38,39,44,9,239
12/22/21 8:01,712,2,30+,37,2,1,12,1,37,10,10,2,1,4,8,5,22,15,32,4,51,1,1,2,1,4,4,2,2,3,2,5,5,38,25,28,13,25,23,11,17,180
12/22/21 7:58,909,1,Under 30,25,2,3,12,1,25,10,10,2,1,5,8,5,28,21,34,3,58,1,4,4,1,4,5,1,2,2,1,3,5,40,30,19,6,22,22,26,9,174
12/22/21 7:57,971,1,30+,46,2,3,16,1,46,10,10,1,1,5,9,7,33,15,25,7,47,2,1,2,2,4,4,2,1,1,2,4,4,50,42,29,32,34,52,11,18,268
12/22/21 8:02,698,1,30+,66,2,3,18,1,66,10,10,1,1,3,8,5,27,15,26,9,50,3,3,3,1,3,2,3,3,3,1,2,3,41,32,21,9,36,30,53,14,236
12/22/21 8:07,418,2,30+,40,2,3,16,1,40,10,10,1,1,4,8,5,22,17,31,11,59,3,4,3,3,5,4,3,3,3,3,4,5,44,28,35,20,27,31,55,14,254
12/22/21 7:58,922,2,30+,31,2,1,14,1,31,10,10,2,1,5,17,9,32,17,30,9,56,2,2,2,2,3,4,1,1,2,1,3,3,70,61,56,41,57,81,68,60,494
12/22/21 7:57,994,1,30+,43,2,3,12,1,43,10,10,2,1,4,11,5,26,19,29,6,54,2,2,4,2,3,3,2,2,4,2,4,3,62,28,52,11,31,62,51,10,307
12/22/21 8:05,500,1,Under 30,28,2,3,16,1,28,10,10,1,1,4,10,5,28,16,23,10,49,2,2,3,2,4,4,2,2,3,2,4,4,32,21,34,25,30,52,42,14,250
12/22/21 8:02,697,1,30+,30,2,3,17,1,30,10,10,1,1,3,15,5,25,16,24,12,52,3,3,4,3,4,4,1,2,3,2,4,4,44,21,32,10,33,28,11,9,188
12/22/21 8:02,740,1,Under 30,21,2,1,13,1,21,10,10,2,1,4,10,7,28,14,28,11,53,1,3,3,2,5,5,1,2,2,2,5,5,35,26,24,6,20,22,39,9,181
12/22/21 7:58,953,2,30+,53,2,3,13,1,53,10,10,2,1,4,10,6,27,18,27,9,54,2,3,2,3,4,4,2,3,2,3,4,4,47,28,38,18,46,45,65,17,304
12/22/21 8:02,743,2,30+,42,2,3,16,1,40,10,10,2,1,4,17,11,33,15,20,14,49,1,2,2,1,4,4,1,2,1,1,4,4,40,26,32,15,33,30,43,9,228
12/22/21 8:04,608,1,Under 30,27,2,3,16,1,27,10,10,2,1,4,13,8,27,13,26,10,49,2,2,2,2,4,4,2,2,2,2,4,4,38,27,21,12,34,28,37,9,206
12/22/21 8:04,599,2,30+,44,2,3,12,1,44,10,10,1,1,3,8,5,21,10,30,13,53,1,1,4,1,4,4,1,1,4,1,4,4,42,11,16,6,31,24,41,9,180
12/22/21 7:58,995,2,30+,40,2,3,16,1,40,10,10,2,1,4,14,5,31,17,19,15,51,1,2,2,1,5,5,2,3,3,2,5,5,62,46,30,35,46,57,56,9,341
12/22/21 8:02,776,1,30+,37,2,1,18,1,37,10,10,2,1,4,24,15,36,21,35,3,59,3,3,3,2,5,5,3,3,3,2,5,5,54,58,52,39,48,72,71,21,415
12/22/21 8:07,471,2,30+,53,2,3,14,1,53,10,10,2,1,4,11,5,28,18,27,6,51,2,3,4,3,5,4,2,3,3,4,5,4,55,37,42,35,55,67,65,19,375
12/22/21 7:58,1020,1,30+,58,2,3,18,1,57,10,10,2,1,4,18,10,35,18,26,5,49,2,2,2,1,5,4,2,2,2,2,5,5,55,46,38,28,50,48,60,24,349
12/22/21 8:11,221,1,30+,32,2,3,16,1,32,10,10,1,2,3,22,11,24,14,24,14,52,3,3,2,2,2,3,2,2,2,3,3,3,55,40,44,6,35,79,11,50,320
12/22/21 8:09,361,2,30+,40,2,3,14,1,40,10,10,2,1,4,8,5,18,9,16,12,37,1,3,2,1,5,3,1,3,2,2,5,4,29,24,21,7,19,25,18,9,152
12/22/21 8:01,853,1,30+,46,2,1,16,1,46,10,10,1,1,4,12,9,29,17,27,10,54,1,3,4,1,4,4,1,4,4,1,4,4,52,39,36,26,48,55,40,9,305
12/22/21 8:05,589,2,30+,61,2,3,14,1,61,10,10,2,1,5,8,5,35,21,26,12,59,2,2,2,2,5,5,2,2,2,2,4,4,43,40,27,19,20,37,37,9,232
12/22/21 7:59,973,1,30+,48,2,3,14,1,48,10,10,1,1,4,8,6,25,14,23,11,48,2,2,3,3,4,4,1,2,3,3,4,4,41,27,35,9,29,32,18,11,202
12/22/21 8:06,545,2,30+,34,2,3,12,1,34,10,10,2,3,7,8,5,16,6,27,17,50,1,1,1,1,1,1,1,1,1,1,1,1,31,20,11,8,8,16,11,9,114
12/22/21 7:57,1067,1,30+,37,1,3,18,8,31,10,10,2,1,4,8,8,27,16,30,5,51,2,3,3,2,5,4,2,3,2,3,5,5,54,21,44,24,41,39,76,18,317
12/22/21 7:59,971,2,30+,48,2,3,16,1,48,10,10,1,1,2,8,5,19,7,9,19,35,2,1,3,1,3,1,2,2,3,1,3,3,39,14,19,11,19,24,19,14,159
12/22/21 8:05,625,1,30+,30,2,3,12,1,30,10,10,2,3,1,8,5,24,8,11,17,36,1,1,2,1,1,1,1,1,3,1,2,1,47,29,29,11,41,38,25,13,233
12/22/21 8:08,449,2,30+,32,1,3,18,1,32,10,10,1,1,4,9,5,24,17,23,4,44,1,3,3,1,5,4,3,2,2,4,5,4,52,37,50,10,36,35,48,13,281
12/22/21 8:01,886,1,30+,33,1,1,12,1,33,10,10,1,1,5,8,7,24,18,27,10,55,3,3,4,1,3,4,3,3,4,1,3,5,62,53,34,16,45,38,23,29,300
12/22/21 8:01,926,1,30+,31,2,3,16,1,30,10,10,2,1,4,11,5,29,17,27,7,51,2,3,2,2,4,4,2,2,2,2,4,4,34,22,39,20,24,27,49,9,224
12/22/21 8:02,822,2,30+,39,2,3,15,1,39,10,10,1,1,4,14,6,31,17,26,7,50,1,2,3,3,5,4,1,3,3,4,5,3,55,40,56,26,39,60,64,20,360
12/22/21 8:06,582,2,30+,31,2,3,11,1,31,10,10,2,1,5,14,5,26,17,28,9,54,1,3,3,1,5,5,2,3,3,2,5,5,50,25,49,15,31,51,45,15,281
12/22/21 8:06,625,1,30+,71,2,3,19,1,71,10,10,1,1,5,8,5,31,20,33,3,56,1,3,4,2,5,5,2,2,3,2,4,5,54,41,46,32,42,62,77,12,366
12/22/21 7:58,1083,1,30+,60,2,3,16,1,60,10,10,1,1,4,19,12,37,14,21,13,48,2,3,4,2,5,5,2,3,4,3,5,5,61,46,43,23,47,48,37,21,326
12/22/21 8:07,546,1,30+,43,2,3,19,1,43,10,10,1,1,5,9,5,31,17,29,8,54,3,3,3,3,5,5,2,2,2,3,5,5,36,23,32,17,20,24,55,10,217
12/22/21 7:59,1065,1,Under 30,27,2,3,13,1,27,10,10,2,1,3,20,13,28,13,24,10,47,3,4,4,4,3,3,3,2,2,3,3,4,51,43,63,32,40,67,52,46,394
12/22/21 8:03,833,2,30+,35,1,3,16,1,35,10,10,1,1,4,8,5,34,16,25,6,47,3,4,4,4,3,3,3,5,5,5,5,2,51,26,30,11,29,47,45,15,254
12/22/21 7:58,1134,2,30+,42,2,3,15,1,42,10,10,1,1,3,8,5,29,18,32,3,53,2,3,5,1,2,2,2,3,3,1,2,3,57,48,40,25,50,60,57,17,354
12/22/21 8:06,668,2,Under 30,28,2,1,16,11,21,10,10,2,1,4,13,12,23,18,30,6,54,2,3,3,1,3,3,1,3,1,1,3,5,64,45,37,25,35,43,31,11,291
12/22/21 8:05,730,2,30+,39,2,1,12,1,39,10,10,1,3,2,8,5,25,18,30,6,54,2,2,3,2,4,4,2,2,4,2,4,5,55,38,44,24,40,35,50,9,295
12/22/21 8:02,902,1,30+,63,2,3,12,1,63,10,10,1,1,4,9,5,32,15,21,12,48,1,2,4,2,5,5,1,3,5,2,5,5,57,44,37,26,39,48,22,26,299
12/22/21 8:10,436,1,30+,59,2,3,16,11,59,10,10,1,1,5,9,6,31,14,17,9,40,1,3,3,1,5,5,1,2,3,1,4,4,41,37,38,25,39,46,52,16,294
12/22/21 7:58,1145,2,30+,41,2,3,14,1,41,10,10,2,1,4,15,5,30,19,28,7,54,1,3,3,1,5,4,1,4,3,1,5,4,33,12,37,6,20,35,39,9,191
12/22/21 8:02,960,2,30+,49,2,3,13,1,49,10,10,1,1,2,8,6,25,15,29,9,53,2,2,3,1,2,2,3,3,4,1,2,2,53,35,35,12,46,53,41,18,293
12/22/21 8:04,861,1,30+,40,2,3,16,1,40,10,10,1,1,4,8,5,24,17,26,6,49,3,3,3,3,5,4,3,3,3,3,4,4,51,37,22,18,35,34,57,9,263
12/22/21 8:01,1056,2,30+,76,2,3,14,1,76,10,10,1,1,2,10,6,25,15,14,10,39,2,3,4,1,2,2,2,2,4,1,2,4,37,39,37,13,37,39,47,17,266
12/22/21 8:05,800,2,30+,50,2,1,16,1,50,10,10,1,1,3,32,20,34,21,29,6,56,3,3,3,2,3,3,2,4,4,2,2,4,78,63,79,52,61,106,85,68,592
12/22/21 7:59,1194,2,30+,67,2,3,16,11,25,10,10,1,1,4,13,6,36,20,34,3,57,3,4,4,3,5,5,3,5,5,4,5,5,71,60,64,44,60,106,87,51,543
12/22/21 8:03,927,2,30+,35,2,2,16,1,35,10,10,2,1,5,11,8,36,13,12,11,36,1,2,1,1,5,4,1,2,1,1,5,4,65,50,48,19,43,43,48,15,331
12/22/21 8:06,806,2,30+,38,2,3,12,1,38,10,10,2,1,3,8,5,23,14,29,8,51,1,1,4,1,3,2,3,3,2,3,5,4,40,17,29,12,31,23,55,9,216
12/22/21 8:13,379,2,30+,34,2,3,16,1,34,10,10,2,1,3,10,9,26,17,24,14,55,3,4,5,1,5,5,2,3,4,1,4,5,71,54,43,24,47,59,61,20,379
12/22/21 8:01,1119,2,30+,33,2,1,12,1,33,10,10,2,1,5,12,8,36,20,21,10,51,1,2,3,2,5,5,1,1,3,3,4,5,54,51,19,24,37,47,53,9,294
12/22/21 8:13,391,2,30+,34,2,3,15,1,34,10,10,2,1,4,8,5,20,13,29,11,53,1,1,1,1,4,4,1,1,1,1,3,4,33,8,38,6,18,19,42,11,175
12/22/21 8:02,1102,1,30+,32,2,3,16,1,32,10,10,1,1,4,14,5,23,16,25,8,49,2,2,2,2,5,4,2,3,2,3,5,5,51,30,40,10,64,47,21,13,276
12/22/21 8:03,1054,2,30+,62,2,3,20,5,55,10,10,1,1,3,8,6,27,15,27,8,50,1,1,4,1,3,2,1,1,4,1,2,2,60,53,54,38,54,54,61,25,399
12/22/21 8:03,1053,1,30+,42,2,3,9,1,42,10,10,1,1,3,13,10,33,16,22,10,48,2,3,5,2,4,4,2,3,3,2,4,4,55,33,32,24,42,58,25,9,278
12/22/21 8:18,136,2,Under 30,22,2,3,12,1,22,10,10,2,3,7,10,8,27,10,20,11,41,3,2,2,3,3,2,2,2,3,2,2,3,60,33,40,19,31,53,43,37,316
12/22/21 8:08,727,1,30+,55,2,3,14,1,55,10,10,1,1,3,9,6,26,17,29,8,54,3,3,4,2,4,3,3,3,3,2,5,5,60,43,42,15,50,59,15,17,301
12/22/21 8:03,1086,1,30+,70,2,3,22,1,70,10,10,1,1,4,10,5,27,14,22,14,50,1,3,4,1,5,5,1,3,4,1,5,5,31,32,40,16,32,43,46,9,249
12/22/21 7:59,1353,2,30+,48,2,2,18,11,40,10,9,2,1,4,14,10,27,18,27,7,52,2,3,3,3,4,5,1,3,3,3,5,5,62,38,46,31,42,54,40,25,338
12/22/21 8:12,537,2,30+,45,2,1,16,1,43,10,10,2,1,4,8,5,30,19,30,5,54,1,2,3,2,5,5,2,4,2,2,5,5,37,15,40,12,22,35,46,9,216
12/22/21 7:58,1417,2,Under 30,29,2,3,16,1,29,10,10,1,1,3,12,8,25,18,29,6,53,3,3,3,3,3,3,3,3,4,3,3,4,60,51,56,21,49,63,70,31,401
12/22/21 7:58,1443,2,30+,58,2,3,16,1,56,10,9,1,1,4,14,9,28,19,20,14,53,1,4,1,3,5,4,1,3,1,3,5,4,39,26,36,21,31,36,31,16,236
12/22/21 8:12,574,2,30+,38,2,3,16,1,38,10,10,2,2,6,8,5,24,3,20,12,35,1,1,2,1,1,1,1,1,1,1,1,1,40,33,27,6,38,31,14,9,198
12/22/21 8:05,1013,2,30+,53,2,3,16,1,53,10,10,1,1,4,12,9,29,15,29,7,51,2,2,3,2,4,3,2,2,3,2,5,4,41,24,35,16,36,57,53,13,275
12/22/21 8:13,539,2,30+,43,2,2,14,1,43,10,10,1,1,3,8,5,32,20,27,12,59,1,3,3,2,4,4,1,3,3,3,4,4,55,59,11,14,26,18,50,9,242
12/22/21 7:58,1495,2,30+,54,2,3,19,1,54,10,10,1,1,4,9,5,28,17,30,6,53,2,3,3,3,5,4,3,3,3,2,4,4,43,48,54,27,39,64,69,17,361
12/22/21 8:03,1227,2,30+,51,2,3,15,1,51,10,10,1,1,4,14,10,38,18,27,8,53,1,3,4,1,5,5,1,3,3,1,3,4,67,29,56,19,44,52,50,13,330
12/22/21 7:58,1502,1,30+,41,1,3,17,1,41,10,10,1,1,3,8,5,27,19,27,3,49,3,3,3,2,4,4,3,3,3,2,5,5,52,39,26,14,40,67,83,9,330
12/22/21 8:11,718,2,30+,44,2,3,17,1,44,10,10,1,2,1,8,5,25,8,20,18,46,1,1,3,1,1,1,1,1,3,1,1,1,69,57,17,14,56,35,68,15,331
12/22/21 8:18,340,2,30+,30,2,3,16,1,30,10,10,2,1,4,10,7,27,16,25,10,51,2,2,2,2,5,5,2,2,3,2,5,5,52,29,23,10,35,30,49,9,237
12/22/21 8:10,804,1,30+,37,2,3,17,1,37,10,10,1,1,4,9,5,28,13,22,12,47,1,3,1,1,5,5,2,2,1,1,3,3,35,30,41,33,62,46,70,29,346
12/22/21 8:02,1283,2,30+,36,2,3,18,1,36,10,10,1,1,4,17,8,27,16,30,5,51,2,3,4,2,5,5,2,3,3,2,4,5,50,25,35,21,46,64,56,12,309
12/22/21 8:12,731,2,30+,35,2,3,14,1,35,10,10,2,1,4,8,5,23,18,30,6,54,3,3,3,3,4,3,3,3,3,3,4,4,56,42,34,14,29,36,34,9,254
12/22/21 8:12,727,1,30+,31,2,3,18,1,31,10,10,1,1,4,8,5,22,17,32,9,58,2,3,3,2,5,5,2,2,2,3,5,5,45,28,16,8,36,32,58,9,232
12/22/21 8:16,482,2,Under 30,26,2,3,12,1,26,10,10,2,1,4,12,6,33,18,22,4,44,2,2,3,3,5,5,3,2,3,3,5,5,42,39,48,26,44,49,45,18,311
12/22/21 7:58,1611,1,30+,31,2,1,13,1,31,10,10,2,1,4,9,6,27,21,31,9,61,1,5,5,1,5,5,1,4,4,1,3,5,80,60,64,33,52,75,56,25,445
12/22/21 8:16,510,2,30+,59,2,3,13,1,58,10,10,1,1,3,8,5,22,12,20,14,46,1,1,1,1,1,1,1,1,1,1,3,2,36,17,23,9,28,33,14,11,171
12/22/21 7:58,1591,2,30+,54,2,3,16,1,54,10,8,2,2,2,9,6,23,14,27,13,54,2,3,5,1,2,3,2,4,4,1,3,2,46,28,44,6,24,24,30,9,211
12/22/21 8:12,812,2,Under 30,24,2,1,15,1,24,10,10,2,1,3,8,5,29,16,27,9,52,1,1,2,1,5,5,1,2,2,1,5,5,53,16,39,14,32,36,61,16,267
12/22/21 8:19,396,2,30+,31,2,3,13,1,31,10,10,2,1,5,8,5,36,20,27,4,51,1,2,2,1,5,2,3,3,3,2,4,5,56,46,48,12,48,45,60,9,324
12/22/21 8:17,515,2,30+,59,2,3,16,1,58,10,10,1,1,2,9,5,26,14,19,13,46,2,2,3,2,3,3,2,2,2,2,3,3,63,47,46,33,46,56,50,16,357
12/22/21 8:05,1233,1,30+,34,2,3,16,1,34,10,10,1,1,4,9,5,25,19,34,18,71,1,2,3,1,4,4,1,2,3,1,4,4,51,38,47,22,58,71,59,17,363
12/22/21 8:17,536,1,30+,40,1,3,16,1,40,10,10,2,1,3,10,5,37,18,30,8,56,2,2,3,2,2,4,5,5,5,3,5,5,86,72,91,54,72,118,99,81,673
12/22/21 8:20,484,2,Under 30,29,2,2,12,1,29,10,10,2,1,3,11,10,33,16,16,14,46,1,1,1,1,3,3,1,1,1,1,2,2,50,40,26,18,50,66,37,25,312
12/22/21 8:14,842,1,30+,60,2,3,16,1,60,10,10,2,1,1,8,5,19,3,13,21,37,1,1,1,1,1,1,1,1,1,1,1,1,37,8,28,8,32,19,54,9,195
12/22/21 8:22,315,1,Under 30,25,2,3,16,1,25,10,10,2,1,5,8,5,34,10,10,16,36,1,2,2,1,5,5,1,2,2,1,5,5,37,34,22,15,32,31,63,9,243
12/22/21 8:17,653,2,30+,56,2,3,14,1,56,10,10,1,1,4,19,12,28,18,28,6,52,2,3,2,2,5,4,2,3,2,3,4,4,38,31,30,18,35,43,21,10,226
12/22/21 8:15,769,1,30+,40,1,3,18,1,40,9,8,1,1,5,34,17,27,19,28,17,64,5,4,3,4,4,4,3,4,5,4,5,5,75,57,70,43,59,90,63,55,512
12/22/21 8:24,288,1,30+,31,2,3,15,1,31,10,10,1,1,4,17,9,32,15,20,15,50,2,3,3,2,5,4,3,3,3,3,4,4,56,24,32,32,44,50,76,16,330
12/22/21 8:21,468,1,30+,31,1,3,16,1,31,10,10,2,1,3,9,5,36,16,18,10,44,1,1,2,1,3,3,1,1,2,2,3,4,62,43,44,14,60,47,36,20,326
12/22/21 7:58,1839,2,Under 30,29,2,2,16,1,29,10,10,2,1,4,8,5,23,16,33,9,58,1,3,4,2,5,5,2,3,3,2,5,5,52,29,46,21,32,37,47,9,273
12/22/21 8:19,663,1,30+,41,2,3,16,1,41,10,10,2,1,4,8,5,29,16,19,16,51,2,2,3,1,4,4,2,2,1,2,3,4,56,39,45,13,39,46,44,12,294
12/22/21 8:23,392,1,Under 30,28,2,3,16,1,28,10,10,2,1,5,10,8,33,15,19,11,45,1,1,1,1,4,4,1,2,2,2,3,3,26,25,46,20,33,35,40,14,239
12/22/21 8:22,485,1,30+,58,2,3,13,1,58,10,10,1,1,4,9,5,31,19,27,6,52,2,3,4,2,4,4,2,2,3,2,3,3,39,25,48,26,32,40,55,9,274
12/22/21 8:18,691,2,30+,41,2,3,17,1,41,10,10,2,1,3,8,5,22,10,14,19,43,1,1,2,1,2,2,2,2,2,3,3,4,37,27,26,10,34,49,44,12,239
12/22/21 8:21,513,1,30+,40,2,3,15,1,40,10,10,1,1,5,10,5,24,18,29,3,50,2,3,2,2,5,5,2,3,2,3,5,5,35,20,33,10,36,27,41,9,211
12/22/21 8:00,1788,2,30+,33,2,3,12,1,33,10,10,2,1,4,15,12,30,19,24,9,52,1,3,3,2,5,5,2,4,2,2,4,5,62,57,59,37,50,69,78,16,428
12/22/21 8:18,742,1,Under 30,28,2,3,16,1,28,10,10,2,1,1,8,5,19,5,8,20,33,1,1,2,1,1,1,1,1,1,1,1,1,42,21,11,13,22,28,45,9,191
12/22/21 8:18,736,1,30+,40,2,3,16,1,40,10,10,1,1,3,8,6,33,17,29,3,49,1,1,2,1,4,4,1,1,2,1,5,5,45,33,21,14,27,25,41,21,227
12/22/21 8:23,493,1,30+,39,2,3,16,1,39,10,10,2,1,4,11,7,31,16,27,5,48,2,4,5,1,5,4,2,3,3,1,5,4,42,22,28,20,30,36,44,16,238
12/22/21 8:01,1861,2,30+,38,2,3,16,1,38,10,10,1,1,5,8,5,37,21,31,3,55,1,3,1,1,5,5,5,5,5,5,5,5,51,38,53,23,37,57,43,13,315
12/22/21 8:25,436,2,30+,30,2,3,16,1,28,10,10,1,1,4,26,15,30,15,25,14,54,3,4,4,3,3,4,4,3,3,4,4,4,66,52,68,38,42,70,62,53,451
12/22/21 8:26,349,1,Under 30,26,1,3,12,1,7,5,5,1,1,1,24,15,28,14,22,12,48,3,2,3,4,5,4,3,2,3,4,5,4,58,44,55,34,42,78,61,48,420
12/22/21 8:24,475,2,30+,35,2,3,12,1,35,10,10,2,1,4,9,5,23,16,27,8,51,1,3,3,2,4,5,2,4,2,3,5,5,47,20,46,13,44,41,22,11,244
12/22/21 8:21,708,1,Under 30,29,2,3,16,1,29,10,10,1,1,2,8,6,24,15,19,15,49,1,1,3,1,2,1,1,1,3,1,2,3,49,37,31,15,44,38,64,10,288
12/22/21 8:00,1967,2,Under 30,26,2,3,16,1,26,10,10,2,1,4,11,5,29,18,30,8,56,3,4,4,3,4,4,3,3,4,4,4,4,52,32,29,15,36,50,64,19,297
12/22/21 8:18,900,1,30+,40,1,6,16,1,40,10,10,2,1,4,10,5,28,9,17,13,39,1,2,2,1,4,3,1,3,2,1,3,4,51,14,32,8,34,31,31,9,210
12/22/21 8:24,538,2,30+,37,2,3,12,1,37,10,10,2,1,3,8,5,25,18,24,10,52,2,2,3,1,2,2,1,2,2,1,2,2,51,25,31,21,41,47,56,14,286
12/22/21 8:16,1027,1,30+,45,2,3,16,1,45,10,10,2,1,4,23,5,35,18,26,8,52,3,3,3,3,5,5,3,3,3,3,5,5,74,66,59,45,54,83,84,34,499
12/22/21 8:20,812,1,30+,60,2,3,14,1,60,10,10,1,1,5,8,5,32,18,27,6,51,1,3,2,2,4,5,1,2,1,3,4,5,55,30,29,15,33,39,35,9,245
12/22/21 8:23,635,2,30+,58,2,3,16,1,58,10,10,2,1,5,8,6,32,16,26,11,53,1,3,2,1,5,5,2,3,1,2,5,5,43,35,56,28,49,62,58,24,355
12/22/21 8:19,898,1,30+,42,2,3,16,1,42,10,10,1,1,4,9,10,31,17,26,8,51,2,2,3,2,4,4,2,2,2,3,4,4,55,39,39,28,39,46,46,12,304
12/22/21 8:10,1445,2,30+,30,2,3,16,1,28,10,8,1,1,2,29,16,30,14,27,14,55,3,4,3,5,2,4,3,5,4,2,3,5,65,51,64,36,48,90,70,54,478
12/22/21 8:25,624,2,30+,37,1,3,16,1,37,10,10,2,1,4,9,7,29,11,21,16,48,1,4,5,1,4,4,1,5,4,2,4,5,31,36,21,10,33,25,37,12,205
12/22/21 8:00,2083,1,30+,30,2,1,13,1,29,10,10,1,1,5,8,5,34,16,23,15,54,1,1,1,1,4,4,3,3,4,3,5,5,48,46,39,12,39,41,23,9,257
12/22/21 8:25,595,2,30+,43,2,3,14,1,43,10,10,1,1,5,12,7,38,17,29,7,53,1,3,4,1,5,4,1,3,3,1,5,4,55,39,47,30,42,45,46,15,319
12/22/21 8:25,608,1,Under 30,20,2,1,14,1,20,10,10,2,1,5,19,11,35,16,26,10,52,1,4,4,1,5,5,2,5,5,2,5,5,58,45,32,44,37,54,42,9,321
12/22/21 8:20,944,1,30+,30,2,3,16,1,30,10,10,1,1,3,8,5,33,12,18,10,40,1,2,3,1,4,5,1,2,4,2,5,5,42,27,27,8,30,29,47,13,223
12/22/21 8:17,1187,2,30+,44,2,3,15,1,44,10,10,1,1,3,8,6,34,14,28,7,49,1,3,4,1,5,5,2,4,5,2,5,5,35,29,42,29,41,37,62,15,290
12/22/21 8:30,393,2,Under 30,27,2,3,16,1,27,10,10,2,1,4,10,7,31,18,25,10,53,1,1,2,1,5,4,1,2,2,2,5,5,61,35,46,27,37,50,15,14,285
12/22/21 8:11,1581,2,30+,42,2,3,14,1,42,10,10,2,1,4,11,5,22,12,15,14,41,2,3,5,3,5,3,1,3,3,4,5,5,48,14,15,8,24,21,12,9,151
12/22/21 8:27,609,2,Under 30,23,2,3,12,1,23,10,10,2,1,4,10,5,21,16,23,9,48,1,1,1,1,4,5,1,1,1,2,5,5,73,52,17,21,42,30,27,13,275
12/22/21 8:01,2224,2,30+,34,2,3,13,1,32,10,10,2,1,5,8,5,20,17,35,4,56,1,3,3,2,5,5,1,3,3,2,4,4,43,18,26,13,20,24,11,9,164
12/22/21 8:27,704,2,Under 30,28,2,6,16,1,28,10,10,2,1,3,8,5,41,21,35,3,59,2,2,2,2,4,2,2,2,2,2,4,2,48,39,55,28,38,49,48,20,325
12/22/21 8:33,369,1,Under 30,29,2,3,12,1,29,10,10,2,1,4,10,5,28,16,25,8,49,1,1,3,1,5,5,1,1,2,2,5,5,49,35,23,12,35,45,14,9,222
12/22/21 8:26,766,1,30+,55,2,3,14,1,55,10,10,1,2,3,8,5,16,6,14,18,38,1,1,3,1,2,1,1,2,2,1,2,2,23,19,17,10,32,24,11,10,146
12/22/21 8:33,386,1,30+,43,2,3,15,1,43,10,10,2,1,3,23,16,34,12,20,11,43,2,4,4,1,4,4,3,4,4,4,4,4,46,22,26,23,32,62,63,11,285
12/22/21 8:06,1994,2,Under 30,27,2,3,14,1,27,10,7,1,1,1,26,19,35,14,27,20,61,4,4,5,3,5,5,2,4,2,1,5,5,59,48,59,29,44,81,66,49,435
12/22/21 8:34,380,2,30+,43,2,3,16,1,43,10,10,2,3,7,8,5,21,6,17,18,41,1,1,1,1,3,1,1,1,1,1,1,1,34,24,13,6,16,21,42,9,165
12/22/21 8:33,466,2,30+,44,2,3,14,1,44,10,10,1,1,4,10,5,31,17,30,3,50,2,3,4,2,5,5,3,3,2,2,5,5,44,44,36,17,43,39,62,12,297
12/22/21 8:18,1370,1,30+,49,2,3,16,1,49,10,10,1,1,3,8,5,24,14,24,14,52,1,1,2,1,2,1,1,1,1,1,3,1,46,16,30,11,28,38,68,18,255
12/22/21 8:31,615,2,30+,31,2,3,16,1,31,10,10,1,1,1,30,15,34,14,24,15,53,3,2,4,3,4,5,3,4,5,4,3,4,62,48,66,36,50,86,66,47,461
12/22/21 8:00,2479,1,30+,39,2,3,12,1,39,10,10,2,1,3,9,5,34,17,24,17,58,2,3,2,4,5,5,2,3,2,3,4,5,28,12,30,8,26,20,11,9,144
12/22/21 8:29,781,2,Under 30,24,2,3,16,1,24,10,10,2,1,4,8,5,23,21,35,3,59,5,3,3,3,5,3,5,3,3,3,5,3,28,36,11,6,13,18,35,9,156
12/22/21 8:32,594,1,30+,42,2,3,13,1,42,10,10,2,1,4,8,9,24,16,25,11,52,1,2,2,2,5,4,2,2,2,2,4,4,38,16,21,12,26,25,26,9,173
12/22/21 8:03,2396,2,30+,68,2,3,14,1,42,9,9,1,1,5,10,9,30,18,32,6,56,2,3,3,2,5,5,3,3,3,3,5,5,57,42,48,32,48,56,50,22,355
12/22/21 8:37,386,2,30+,35,2,3,12,1,35,10,10,2,3,3,8,5,17,3,27,17,47,1,1,1,1,1,1,3,1,1,1,3,1,23,16,11,6,18,17,22,9,122
12/22/21 8:17,1624,1,30+,34,2,3,12,1,34,10,10,2,3,3,9,5,27,14,24,15,53,2,3,2,1,3,3,2,3,3,2,4,4,67,55,72,37,52,100,73,33,489
12/22/21 8:36,483,1,30+,35,2,3,18,1,30,10,10,1,1,3,23,14,28,13,22,10,45,2,3,4,3,4,5,2,2,3,3,4,5,32,25,35,23,26,57,40,41,279
12/22/21 8:33,699,1,30+,40,2,3,14,1,40,10,10,2,1,4,10,7,28,12,26,14,52,1,3,3,1,5,4,1,3,3,1,5,5,42,29,33,10,31,31,15,9,200
12/22/21 8:39,360,2,30+,39,2,3,16,1,39,10,10,1,1,5,35,23,37,21,33,3,57,4,4,4,4,4,4,4,4,4,4,4,4,80,64,88,48,64,112,88,27,571
12/22/21 8:41,208,2,Under 30,23,2,3,12,1,22,10,10,2,1,4,23,15,28,14,23,12,49,2,3,4,3,4,2,2,3,4,3,1,2,54,36,59,27,46,66,59,46,393
12/22/21 8:36,524,2,Under 30,27,2,3,16,1,27,10,10,2,1,4,8,6,31,18,31,3,52,2,3,2,2,5,5,2,3,3,3,5,5,66,46,41,29,47,37,63,10,339
12/22/21 8:39,373,1,30+,34,2,2,14,1,34,10,10,2,1,5,24,14,36,18,30,6,54,2,2,2,2,4,4,2,2,2,2,4,4,53,54,59,25,40,46,50,22,349
12/22/21 8:19,1547,1,30+,67,2,3,14,1,67,10,10,1,1,1,8,5,26,4,20,15,39,1,1,2,1,1,1,1,1,2,1,1,1,43,15,26,16,31,22,27,11,191
12/22/21 7:59,2803,1,Under 30,21,2,2,14,11,17,9,9,2,1,5,20,12,32,18,30,13,61,2,3,5,4,5,5,1,2,5,4,5,5,60,51,63,32,45,54,64,30,399
12/22/21 8:01,2644,2,Under 30,29,2,3,16,1,30,10,10,1,1,5,8,5,27,18,30,6,54,1,1,1,1,5,3,1,1,1,1,5,4,50,54,52,24,36,58,55,27,356
12/22/21 8:36,638,2,30+,30,2,3,12,1,30,10,10,2,1,3,8,5,28,18,24,9,51,1,1,1,1,4,4,1,1,2,1,3,4,54,40,39,16,36,36,38,17,276
12/22/21 8:39,430,2,30+,32,2,3,16,1,32,10,10,2,1,3,13,7,32,15,28,9,52,1,2,2,2,5,5,1,2,3,2,5,5,48,31,40,23,34,37,27,15,255
12/22/21 8:01,2773,2,30+,71,2,3,20,1,71,10,10,1,1,4,8,5,30,15,21,10,46,1,3,3,2,5,5,1,3,3,2,5,5,56,47,45,30,39,55,40,19,331
12/22/21 8:37,663,1,30+,45,2,3,16,1,45,10,10,2,1,4,8,7,29,17,24,14,55,1,2,2,2,5,4,2,2,2,2,4,5,41,18,43,14,30,25,46,9,226
12/22/21 8:08,2424,1,Under 30,27,2,3,19,1,27,10,10,2,1,4,8,5,23,18,30,4,52,2,2,1,2,5,5,2,2,2,3,5,4,39,16,40,18,21,19,35,9,197
12/22/21 8:41,436,1,30+,30,2,3,12,1,30,10,10,2,1,4,8,5,30,17,33,3,53,1,1,1,1,5,5,1,1,1,1,5,5,54,32,37,6,42,42,51,9,273
12/22/21 8:24,1554,2,Under 30,26,2,3,16,1,26,10,10,1,1,4,8,5,31,21,33,4,58,1,2,2,2,5,5,2,2,2,2,5,5,54,46,43,19,54,49,69,9,343
12/22/21 8:40,577,2,30+,44,2,3,12,1,44,10,10,2,1,4,8,5,27,19,31,9,59,1,3,2,2,5,5,1,1,1,1,5,5,33,17,16,10,27,23,29,9,164
12/22/21 8:18,1920,1,30+,33,2,3,12,1,33,10,10,1,1,3,23,14,27,17,28,16,61,4,5,4,3,5,5,5,4,4,5,5,5,70,51,65,17,25,35,53,10,326
12/22/21 8:41,554,2,Under 30,28,2,2,16,3,16,9,8,2,1,4,8,5,19,15,27,13,55,2,2,2,2,4,4,2,2,3,3,4,4,44,29,37,6,33,20,22,9,200
12/22/21 8:32,1167,1,30+,43,2,3,16,1,43,10,10,1,1,4,13,7,31,19,32,3,54,2,3,5,1,5,5,2,3,3,3,5,5,61,53,47,20,48,52,29,9,319
12/22/21 8:38,789,1,30+,65,2,3,16,1,65,10,10,2,1,4,8,5,26,21,30,3,54,2,2,2,1,3,3,4,4,3,3,3,3,38,22,17,6,26,26,31,9,175
12/22/21 8:45,417,1,30+,57,2,3,12,1,57,10,10,1,1,4,11,5,24,14,25,8,47,2,2,2,1,3,2,2,2,2,2,3,2,56,41,41,26,40,61,52,20,337
12/22/21 8:44,513,2,30+,34,2,3,16,1,30,10,10,1,1,4,9,7,27,14,21,10,45,1,2,2,1,4,4,2,3,2,3,5,5,48,41,50,21,43,56,48,9,316
12/22/21 8:41,739,2,30+,35,2,3,16,1,35,10,10,2,1,5,12,10,31,18,24,8,50,1,2,3,1,5,5,1,2,2,1,3,4,56,45,55,32,43,50,59,18,358
12/22/21 8:43,586,1,Under 30,22,2,3,5,1,22,9,10,2,1,1,30,20,33,16,27,17,60,3,4,4,5,3,4,4,3,5,5,4,3,65,59,70,40,48,90,74,62,508
12/22/21 8:24,1745,2,30+,33,2,3,16,1,33,10,10,1,1,4,8,5,28,12,28,13,53,3,3,3,3,4,3,1,2,2,3,4,5,46,43,45,14,43,29,42,11,273
12/22/21 8:49,344,2,Under 30,24,2,1,19,1,24,10,10,2,1,4,8,5,32,20,31,6,57,1,3,2,1,4,4,1,2,2,1,4,4,50,39,19,6,46,46,44,9,259
12/22/21 8:51,269,2,30+,35,1,3,16,1,35,9,9,1,1,5,23,23,29,19,19,16,54,3,4,3,5,3,5,4,3,2,4,5,5,46,45,44,35,51,60,46,52,379
12/22/21 8:44,708,2,30+,54,2,3,16,1,54,10,10,2,1,4,8,5,24,15,14,9,38,2,3,4,2,4,5,1,3,4,2,5,5,47,21,24,10,34,32,40,17,225
12/22/21 8:46,615,2,30+,58,2,3,18,1,58,10,10,1,1,4,9,5,31,17,23,3,43,1,2,2,2,5,5,1,2,2,2,5,5,47,32,35,17,46,43,65,20,305
12/22/21 8:43,790,2,30+,39,2,1,12,1,39,10,10,2,1,4,11,6,28,10,24,18,52,1,1,4,1,2,3,1,1,5,1,3,4,36,17,24,6,22,30,13,9,157
12/22/21 8:01,3369,2,30+,38,2,3,20,1,38,10,10,2,1,4,11,6,27,17,21,9,47,3,3,2,2,5,4,3,3,2,3,4,3,56,30,46,24,41,56,62,26,341
12/22/21 8:13,2671,2,Under 30,26,2,3,17,1,26,10,10,1,1,3,20,12,17,10,26,17,53,4,2,4,5,3,4,3,4,4,3,4,2,61,41,68,38,44,72,67,49,440
12/22/21 8:47,660,1,30+,30,2,3,14,1,30,10,10,2,1,5,12,11,31,15,22,8,45,1,2,2,3,5,5,1,3,3,3,4,4,66,31,42,26,43,62,62,11,343
12/22/21 8:53,318,2,30+,31,2,3,18,1,30,10,10,1,1,4,19,10,40,15,26,3,44,2,2,2,1,5,4,2,3,2,1,5,4,66,46,43,32,47,48,59,29,370
12/22/21 8:35,1402,2,30+,35,1,6,16,1,35,10,10,2,1,4,8,8,29,17,31,12,60,1,1,3,1,5,5,1,1,3,1,5,5,38,35,16,20,23,36,51,9,228
12/22/21 8:46,793,2,30+,37,2,3,16,1,37,10,10,2,1,4,8,5,32,13,21,15,49,1,3,3,2,5,3,1,2,2,2,3,3,41,17,41,8,29,28,41,9,214
12/22/21 8:51,595,1,30+,31,2,1,31,1,30,6,8,1,1,4,29,20,34,18,30,6,54,2,2,2,2,4,4,2,2,2,2,4,4,73,61,84,46,52,89,87,67,559
12/22/21 8:48,810,1,30+,41,2,3,14,1,41,10,10,2,1,4,8,5,24,16,25,5,46,1,3,1,2,5,3,2,2,2,3,4,4,36,21,35,6,29,27,24,9,187
12/22/21 8:30,1921,2,30+,34,2,3,16,1,34,10,10,2,3,7,8,5,23,9,17,10,36,2,2,3,3,3,4,2,2,2,2,2,2,34,24,30,13,20,27,27,21,196
12/22/21 8:53,698,1,30+,57,2,1,18,1,57,10,10,2,1,3,8,5,26,16,29,6,51,2,3,3,2,5,4,2,2,2,2,4,5,47,24,24,13,43,25,13,15,204
12/22/21 8:45,1199,2,Under 30,29,2,2,18,1,21,10,10,1,1,4,11,9,31,20,32,3,55,2,3,2,1,4,4,2,4,3,1,4,4,44,46,49,16,38,49,56,12,310
12/22/21 8:47,1137,2,Under 30,24,2,3,16,1,24,10,10,1,1,3,20,16,25,15,18,10,43,4,2,1,4,2,3,3,2,3,4,2,3,53,37,60,29,39,62,58,45,383
12/22/21 7:59,4110,1,30+,43,2,2,16,11,38,9,9,1,1,5,19,10,30,18,30,10,58,2,3,5,4,5,5,1,2,5,4,5,5,59,48,59,28,48,49,58,28,377
12/22/21 7:57,4241,1,30+,39,2,3,12,1,39,10,10,2,1,3,8,5,25,21,35,15,71,1,1,1,1,2,1,1,1,3,1,5,3,50,40,35,6,48,38,75,10,302
12/22/21 8:49,1179,2,30+,37,2,6,12,1,37,10,10,1,1,4,8,5,33,21,35,3,59,4,5,3,3,5,5,4,5,3,3,5,5,79,64,58,40,65,108,93,24,531
12/22/21 8:59,627,2,30+,45,1,3,17,1,8,8,9,1,1,2,35,21,34,19,32,19,70,4,5,3,4,4,5,4,5,5,4,3,4,68,39,69,34,51,93,67,57,478
12/22/21 9:06,251,1,30+,41,2,3,20,1,41,10,10,1,1,1,8,5,17,3,5,20,28,1,1,2,2,2,1,1,1,2,1,2,1,47,23,27,6,28,19,11,9,170
12/22/21 8:47,1381,2,30+,45,2,3,16,1,45,10,10,1,1,4,9,5,23,19,31,8,58,2,2,5,2,4,5,2,2,5,2,5,5,75,56,57,35,45,48,43,26,385
12/22/21 9:06,343,2,30+,38,2,3,12,1,38,10,10,1,1,4,8,5,22,12,20,12,44,1,1,2,2,4,4,1,2,2,3,4,4,42,40,11,10,23,30,32,11,199
12/22/21 9:08,355,2,30+,47,2,6,14,1,46,10,10,2,1,3,11,8,35,17,33,7,57,5,4,5,3,4,3,5,3,4,2,3,3,51,50,63,36,43,71,51,20,385
12/22/21 9:06,507,1,30+,38,2,3,18,1,38,10,10,2,1,4,9,8,30,20,23,6,49,1,2,2,1,5,5,2,2,2,1,5,5,59,49,47,26,41,34,49,13,318
12/22/21 9:01,774,2,30+,31,2,3,16,1,31,10,10,2,1,4,8,5,25,11,20,17,48,1,2,2,1,5,5,1,2,2,2,5,5,35,27,11,13,32,14,44,9,185
12/22/21 9:04,627,2,30+,38,2,3,12,1,38,10,10,2,1,3,8,5,29,10,16,16,42,1,1,2,1,4,3,1,1,2,1,3,3,37,15,34,21,37,24,36,10,214
12/22/21 9:07,611,2,30+,33,2,3,12,1,33,10,10,2,1,5,8,5,35,21,35,3,59,1,2,2,1,5,5,2,2,2,2,5,5,50,39,41,9,40,47,68,9,303
12/22/21 9:09,532,2,30+,44,2,1,12,1,44,10,10,1,1,3,8,5,24,18,30,6,54,2,3,3,2,3,3,2,3,4,2,4,4,63,53,57,37,49,58,50,21,388
12/22/21 9:07,661,2,Under 30,24,2,3,16,1,24,10,10,1,1,3,24,15,31,13,18,13,44,3,2,4,3,5,4,2,3,1,2,4,3,50,42,51,31,44,72,56,41,387
12/22/21 9:09,538,2,Under 30,28,1,4,16,1,23,10,10,1,1,5,9,5,21,17,26,6,49,1,2,1,1,3,2,1,1,1,1,2,3,31,28,33,6,25,25,19,9,176
12/22/21 9:05,768,1,Under 30,26,2,3,17,1,26,10,10,2,1,4,27,13,27,14,15,13,42,1,1,2,1,3,3,1,1,1,1,3,3,38,13,42,35,56,71,42,9,306
12/22/21 9:12,387,1,30+,32,2,1,18,1,32,10,10,1,1,5,9,5,24,21,30,3,54,2,2,2,2,5,5,3,2,2,2,2,5,51,16,26,22,39,36,52,10,252
12/22/21 9:04,917,1,Under 30,25,2,6,16,1,25,10,10,2,1,3,19,12,36,20,32,8,60,2,2,3,2,5,5,2,2,1,2,4,4,58,36,42,20,42,53,63,13,327
12/22/21 8:57,1375,2,30+,34,2,3,12,1,34,10,10,2,1,4,16,8,30,15,17,12,44,1,2,1,1,4,2,1,2,2,1,3,2,47,25,40,10,30,24,56,9,241
12/22/21 9:08,738,2,Under 30,24,2,3,16,1,24,10,10,1,1,3,24,17,28,10,22,15,47,4,2,3,3,1,4,3,4,2,5,3,4,48,44,52,30,40,68,56,47,385
12/22/21 9:15,383,2,30+,36,2,3,16,1,36,10,10,1,1,3,8,5,24,15,26,12,53,1,1,3,1,3,3,1,2,1,5,2,2,26,14,24,11,25,23,49,9,181
12/22/21 9:08,841,2,Under 30,24,2,3,16,1,24,10,10,1,1,3,22,16,28,11,24,11,46,4,2,3,4,2,3,3,2,4,3,5,4,53,36,57,29,42,65,54,39,375
12/22/21 8:57,1613,2,30+,36,2,3,15,1,36,10,10,2,1,4,12,7,24,17,32,7,56,2,3,2,3,5,4,3,4,2,3,5,4,47,21,36,10,23,21,45,9,212
12/22/21 9:19,303,2,30+,36,2,3,18,1,36,10,10,1,1,4,11,8,26,17,25,6,48,2,3,2,2,5,4,2,2,1,3,4,4,51,38,44,28,44,49,65,19,338
12/22/21 9:19,331,2,Under 30,28,2,3,16,1,28,10,10,2,1,5,9,5,25,14,23,10,47,1,2,2,1,4,4,1,2,1,2,3,4,41,32,43,10,30,48,45,9,258
12/22/21 8:35,3039,2,30+,40,2,3,16,1,40,10,10,1,1,4,18,10,29,16,27,11,54,3,4,3,3,5,4,3,4,3,3,5,4,54,42,51,30,45,63,47,30,362
12/22/21 9:14,712,2,30+,30,1,3,16,1,30,10,10,1,1,3,28,22,36,19,31,6,56,4,4,3,3,4,5,4,4,5,3,5,5,80,64,88,50,51,87,74,59,553
12/22/21 9:15,615,2,30+,37,2,3,16,1,37,10,10,2,1,4,10,5,28,19,26,11,56,1,3,4,2,5,5,2,3,3,1,5,5,64,48,59,32,44,46,59,23,375
12/22/21 9:12,883,2,30+,38,2,3,15,1,37,10,10,2,1,4,10,6,23,18,25,6,49,2,3,3,3,5,4,2,2,2,2,4,3,42,27,52,14,35,37,40,9,256
12/22/21 9:26,415,1,Under 30,28,2,3,16,1,28,10,10,1,1,4,20,14,34,19,26,6,51,2,3,4,2,3,4,1,3,3,3,4,4,77,62,68,42,57,81,75,49,511
12/22/21 11:31,226,1,Under 30,24,2,3,16,1,24,10,10,2,1,4,12,7,30,17,27,15,59,3,3,2,2,4,4,2,2,2,2,4,4,45,51,51,19,41,42,52,9,310
12/22/21 11:30,385,2,30+,63,2,3,14,1,63,10,10,1,1,5,9,5,28,15,29,8,52,3,3,2,2,5,5,3,3,2,3,5,5,44,35,22,6,35,34,45,9,230
12/22/21 11:29,454,1,30+,38,2,3,16,1,38,10,10,2,1,5,8,5,24,8,14,18,40,1,1,1,1,5,4,1,1,1,1,5,4,38,18,46,6,16,16,16,9,165
12/22/21 11:29,426,2,30+,44,2,3,16,1,44,10,10,2,1,5,8,5,26,16,26,3,45,1,3,1,2,5,5,1,4,1,1,5,4,41,23,37,16,27,28,44,10,226
12/22/21 11:30,405,2,30+,38,2,3,12,1,38,10,10,2,1,5,8,5,32,19,26,4,49,1,3,5,2,5,5,1,2,4,1,5,5,36,10,21,8,24,34,49,13,195
12/22/21 11:29,494,2,30+,39,2,3,39,1,39,10,10,1,1,4,10,5,35,19,25,3,47,3,3,2,1,5,3,2,2,1,2,5,3,43,47,43,13,42,25,68,10,291
12/22/21 11:29,525,2,30+,44,2,3,13,1,44,10,10,1,1,3,8,5,26,15,26,5,46,2,2,2,2,3,3,2,2,2,2,2,2,39,34,17,18,31,54,28,9,230
12/22/21 11:33,335,1,Under 30,26,2,3,16,1,26,10,10,1,1,4,17,6,27,15,23,9,47,1,3,3,2,4,4,2,3,3,2,5,5,54,20,17,15,25,25,26,9,191
12/22/21 11:29,558,2,30+,50,2,3,16,1,50,10,10,1,1,4,11,9,30,12,19,12,43,1,2,2,1,4,4,2,2,2,1,4,4,47,31,19,30,52,38,16,11,244
12/22/21 11:30,535,2,30+,45,2,2,22,3,22,8,7,1,1,4,9,7,29,15,22,18,55,3,3,3,3,4,4,3,3,2,4,4,4,52,51,40,31,47,55,49,14,339
12/22/21 11:32,414,1,Under 30,28,2,3,14,1,28,10,10,1,1,3,11,5,24,16,28,6,50,2,3,4,2,4,5,3,3,3,3,4,4,52,28,28,14,32,46,15,11,226
12/22/21 11:30,563,2,30+,71,2,3,16,1,71,10,10,2,1,4,8,5,30,15,23,6,44,3,3,3,3,5,4,4,4,4,3,4,4,61,41,31,6,31,17,28,13,228
12/22/21 11:30,605,1,30+,42,2,1,12,1,42,10,10,2,2,6,8,5,19,5,10,6,21,2,1,4,1,1,2,1,1,1,1,1,1,28,42,13,15,22,20,11,9,160
12/22/21 11:29,663,2,30+,35,1,3,16,1,35,10,10,2,1,5,13,7,40,21,27,3,51,2,3,4,3,5,5,2,2,3,3,5,5,66,55,60,34,52,74,55,24,420
12/22/21 11:29,645,1,30+,55,2,3,14,1,55,10,10,1,1,4,13,5,32,15,31,3,49,2,2,4,1,5,5,3,2,4,1,5,5,70,47,41,16,51,72,64,25,386
12/22/21 11:30,674,2,30+,51,2,3,22,1,49,10,10,1,1,4,13,6,33,18,32,7,57,2,3,5,2,5,5,3,3,4,2,5,5,50,42,47,19,33,52,49,14,306
12/22/21 11:32,553,2,30+,62,2,3,14,1,62,10,10,2,1,4,11,6,32,18,30,6,54,2,3,3,3,4,4,2,2,3,3,5,5,64,45,52,22,45,45,40,23,336
12/22/21 11:36,358,2,30+,33,1,3,16,1,31,10,10,2,3,7,8,5,18,12,20,12,44,1,1,1,1,1,1,1,1,1,1,1,1,43,8,42,12,25,28,29,9,196
12/22/21 11:32,582,2,30+,35,2,3,12,1,35,10,10,2,1,4,10,5,31,16,16,9,41,1,3,5,1,2,3,1,4,5,1,3,4,56,56,40,20,50,41,27,15,305
12/22/21 11:29,824,1,30+,41,2,3,16,1,41,10,10,2,1,5,8,5,22,20,32,3,55,3,4,3,3,5,5,2,3,2,2,5,5,30,32,36,18,25,29,11,9,190
12/22/21 11:35,445,2,Under 30,28,2,3,12,1,28,10,10,2,1,4,10,7,28,16,29,14,59,1,3,3,1,5,5,1,3,2,1,5,5,48,31,26,19,32,28,40,9,233
12/22/21 11:33,608,2,30+,47,2,3,12,1,47,10,10,1,1,4,8,5,27,18,29,3,50,2,2,2,1,5,3,2,2,2,2,5,4,42,21,33,9,34,28,64,9,240
12/22/21 11:33,631,1,30+,48,2,3,13,1,48,10,10,1,1,5,8,5,34,12,28,18,58,1,3,1,2,4,4,1,2,1,1,4,3,45,22,26,6,34,29,37,9,208
12/22/21 11:33,659,1,30+,33,2,3,16,1,33,10,10,1,1,4,16,9,24,14,23,14,51,3,3,3,3,4,4,3,3,3,3,4,5,68,56,67,32,41,73,58,40,435
12/22/21 11:29,863,2,30+,35,2,3,14,1,34,10,10,2,1,4,8,6,24,16,29,8,53,3,1,4,2,5,4,2,1,2,1,5,5,45,28,30,10,32,32,58,10,245
12/22/21 11:29,942,1,30+,30,2,3,16,1,31,10,10,1,2,2,10,6,26,9,30,10,49,1,1,3,1,2,1,3,2,4,1,4,1,47,25,52,12,39,55,21,9,260
12/22/21 11:33,684,2,30+,45,2,3,15,1,45,10,10,2,1,4,12,6,23,15,29,9,53,2,2,3,1,4,3,3,2,2,4,3,3,40,26,34,10,28,29,59,12,238
12/22/21 11:29,941,1,30+,41,2,3,14,1,41,10,10,1,1,4,8,6,33,18,27,6,51,1,2,3,1,5,4,1,2,2,2,4,5,57,33,35,12,30,24,57,11,259
12/22/21 11:40,310,2,30+,33,2,3,12,1,33,10,10,1,1,4,8,5,28,21,29,5,55,1,2,2,1,5,2,1,3,3,2,4,5,37,17,32,8,30,20,11,11,166
12/22/21 11:38,492,2,Under 30,28,2,3,16,1,28,10,10,2,3,1,10,5,19,10,21,21,52,2,2,3,1,4,2,3,2,2,5,4,4,34,20,31,6,29,26,44,9,199
12/22/21 11:33,806,2,30+,37,2,2,16,1,36,10,9,2,1,4,9,5,30,15,28,10,53,1,1,2,1,5,4,2,2,3,2,4,5,58,43,62,23,44,43,67,9,349
12/22/21 11:41,512,1,Under 30,23,2,2,16,1,23,10,10,2,1,4,8,7,30,18,24,6,48,2,2,2,1,4,4,2,2,2,2,3,4,44,46,45,24,29,44,24,10,266
12/22/21 11:39,630,1,30+,43,2,3,16,1,43,10,10,2,1,4,8,5,32,17,15,8,40,2,2,5,2,3,5,2,2,4,2,3,5,68,50,27,22,35,40,69,13,324
12/22/21 11:37,773,2,30+,45,2,3,14,1,45,10,10,2,1,3,10,5,27,15,21,15,51,1,2,2,1,3,1,2,3,2,2,3,3,36,22,14,8,27,18,13,15,153
12/22/21 11:41,554,1,30+,36,2,3,16,1,36,10,10,1,1,3,24,16,28,17,24,10,51,3,4,5,3,4,5,3,4,4,3,3,4,76,60,80,42,58,94,76,64,550
12/22/21 11:37,783,1,30+,55,2,3,16,1,53,10,10,1,1,4,17,10,34,21,25,7,53,1,4,4,2,5,5,2,4,4,2,5,5,67,54,61,40,48,56,57,12,395
12/22/21 11:36,937,2,30+,45,2,3,14,1,45,10,10,2,1,4,8,5,23,11,30,9,50,3,3,3,2,4,3,3,3,3,2,4,3,50,30,16,6,21,27,45,9,204
12/22/21 11:40,735,1,30+,39,2,2,12,1,39,10,10,1,1,2,16,10,25,17,17,3,37,1,1,2,1,4,4,1,1,2,1,4,4,43,51,35,19,31,46,40,16,281
12/22/21 11:48,303,1,30+,38,2,2,16,1,38,10,10,2,1,2,8,5,18,4,10,20,34,1,1,1,1,2,1,1,1,1,1,3,2,25,14,16,6,25,18,12,9,125
12/22/21 11:40,834,2,30+,31,1,3,12,1,30,10,10,2,1,3,8,5,20,15,24,10,49,1,3,1,2,5,4,1,3,3,2,4,3,36,14,23,6,18,23,11,9,140
12/22/21 11:47,795,2,30+,39,2,3,8,1,37,10,10,2,1,4,8,5,20,12,20,15,47,1,2,2,2,3,3,1,1,1,2,2,2,31,16,17,8,19,20,21,9,141
12/22/21 11:42,1334,2,Under 30,29,2,3,12,1,29,10,10,1,3,1,8,7,20,3,11,16,30,1,1,3,1,1,1,2,2,4,4,4,5,37,31,25,10,26,27,12,9,177
12/22/21 12:03,124,2,30+,42,2,3,16,1,42,10,10,2,1,5,19,9,28,12,16,11,39,3,5,5,5,4,5,4,4,5,4,5,3,80,66,90,44,63,110,91,70,614
12/22/21 11:31,2051,1,30+,45,2,3,14,1,45,10,10,2,1,4,8,5,32,16,17,5,38,1,2,1,1,3,4,1,2,1,2,3,4,39,23,25,19,35,35,41,11,228
12/22/21 11:29,2201,1,30+,61,2,3,12,1,61,10,10,1,1,3,8,5,26,15,25,7,47,1,2,3,1,4,4,2,2,3,1,5,4,58,29,38,24,33,38,52,10,282
12/22/21 12:05,361,2,30+,33,2,3,15,1,33,10,10,2,1,4,8,5,33,11,25,9,45,1,3,1,1,5,5,1,3,2,2,5,5,42,10,34,14,34,29,60,11,234
12/22/21 12:01,612,2,30+,47,2,3,16,1,47,10,10,2,3,2,8,5,24,16,32,10,58,1,2,4,1,2,2,1,3,4,1,3,4,57,20,30,18,37,35,15,25,237
12/22/21 11:43,1999,1,30+,34,1,3,14,1,33,10,10,2,1,4,8,5,26,18,26,3,47,2,3,2,3,4,5,1,2,1,3,5,4,67,56,54,25,55,67,61,16,401
12/22/21 12:02,924,2,30+,39,2,3,16,1,39,10,10,2,1,4,10,5,32,6,14,20,40,1,2,2,2,5,3,1,2,1,2,3,3,52,31,32,22,30,38,52,9,266
12/22/21 12:08,664,2,30+,30,2,1,12,1,30,10,10,2,1,3,8,5,16,12,34,12,58,1,1,3,2,3,3,3,2,3,3,4,4,35,8,23,11,8,20,11,9,125
12/22/21 12:06,828,1,30+,69,2,3,12,1,69,10,10,1,1,5,8,8,35,20,33,5,58,2,3,4,3,5,5,2,2,4,3,5,4,53,33,27,21,39,39,46,15,273
12/22/21 12:12,756,2,Under 30,23,2,3,13,1,16,10,10,2,1,4,10,5,32,19,28,5,52,1,3,5,2,5,4,2,3,5,2,4,3,61,32,49,41,31,45,47,15,321
12/22/21 12:07,905,1,30+,57,2,3,14,1,65,10,10,1,1,4,10,6,38,20,28,6,54,1,2,3,1,5,5,2,2,3,2,5,5,39,23,27,30,41,39,11,11,221
12/22/21 12:18,560,2,30+,34,2,3,26,1,34,10,10,2,1,4,8,5,22,17,26,10,53,2,4,2,2,5,5,2,3,2,2,4,5,37,23,39,14,31,26,36,12,218
12/22/21 12:05,1460,2,30+,36,2,3,13,1,36,10,10,2,1,4,8,5,22,15,26,10,51,2,2,2,2,5,3,2,2,2,3,4,4,38,22,17,14,36,28,49,9,213
12/22/21 12:07,1432,2,30+,33,2,2,19,1,28,10,10,2,1,4,10,7,31,15,28,8,51,2,2,3,2,5,5,2,3,2,2,5,5,45,28,40,13,32,34,46,11,249
12/22/21 12:12,1186,1,Under 30,24,2,1,16,1,24,10,10,2,1,4,10,5,34,12,21,12,45,1,1,2,1,5,5,1,2,2,2,4,4,67,56,59,19,52,86,52,31,422
12/22/21 11:39,3222,2,Under 30,29,2,3,16,1,29,10,10,2,1,5,10,5,26,14,19,13,46,1,3,3,3,5,5,1,3,2,3,5,5,44,19,35,13,28,41,18,13,211
12/22/21 11:52,2507,2,30+,50,2,3,10,1,50,10,8,2,1,4,9,5,29,20,16,12,48,2,2,4,3,3,2,2,3,4,3,3,3,31,12,23,8,13,16,27,9,139
12/22/21 12:24,623,2,30+,35,2,3,12,1,35,10,10,2,1,5,8,5,24,10,24,11,45,1,2,2,1,4,5,1,2,2,1,3,4,31,20,15,6,17,19,11,9,128
12/22/21 12:32,306,1,30+,33,1,4,13,1,33,10,10,1,1,3,8,5,32,19,35,3,57,3,4,2,3,5,5,3,3,2,3,5,5,90,66,75,39,66,69,93,39,537
12/22/21 12:37,417,1,30+,57,2,3,16,1,57,10,10,1,1,4,8,5,30,16,26,9,51,2,3,3,2,4,3,2,3,2,2,5,5,35,23,28,15,25,36,47,9,218
12/22/21 12:38,541,1,30+,30,2,3,16,1,30,10,10,1,1,5,8,5,28,18,23,5,46,1,3,3,1,5,5,1,3,4,1,5,5,47,24,33,12,41,31,32,10,230
12/22/21 12:36,790,1,30+,37,2,3,15,1,37,10,10,2,1,5,9,8,30,17,24,9,50,1,2,1,1,4,5,2,2,1,2,3,4,40,27,24,24,20,32,49,9,225
12/22/21 12:33,1154,1,30+,48,2,3,14,1,48,10,10,1,1,7,18,8,24,8,13,12,33,2,2,3,1,4,3,2,3,3,2,4,5,31,34,33,16,28,32,21,9,204
12/22/21 12:50,396,2,30+,35,2,3,12,1,35,10,10,1,1,4,12,5,31,21,26,11,58,1,2,3,2,5,4,1,2,1,2,4,2,50,50,46,25,47,67,51,9,345
12/22/21 12:41,950,1,30+,34,2,6,17,1,33,10,10,1,1,3,8,5,24,15,29,13,57,2,2,3,1,3,5,2,2,2,1,3,4,35,40,35,10,48,38,22,12,240
12/22/21 12:49,492,1,30+,32,2,3,18,1,32,10,10,1,1,4,8,5,26,17,28,9,54,1,3,2,3,5,4,1,3,3,2,5,5,45,31,39,11,39,39,53,11,268
12/22/21 12:59,620,2,30+,33,2,3,12,1,33,10,10,2,1,4,9,5,26,15,23,15,53,1,2,2,1,4,4,1,3,2,1,5,4,60,47,18,23,29,48,51,10,286
12/22/21 13:01,869,2,30+,37,2,3,12,1,37,10,10,2,1,4,8,6,28,18,30,6,54,2,3,5,1,4,4,2,2,5,2,4,5,36,31,19,14,34,38,46,9,227
12/22/21 13:04,903,2,30+,31,1,6,13,1,31,10,10,2,1,5,14,12,27,13,18,18,49,1,2,2,2,5,4,2,3,2,2,3,3,50,28,26,22,35,31,31,9,232
12/22/21 13:23,443,2,30+,39,2,3,16,1,39,10,10,2,1,5,8,5,26,17,27,3,47,1,2,1,1,5,4,1,2,1,1,3,3,52,49,42,30,43,34,55,9,314
12/22/21 13:58,707,2,30+,41,2,3,17,1,40,10,10,1,1,4,11,12,28,19,31,7,57,1,2,4,2,4,4,2,3,3,3,5,5,56,26,36,18,33,31,21,11,232
12/22/21 13:49,2134,1,Under 30,27,2,3,16,1,27,10,10,1,1,3,8,5,24,18,26,7,51,1,2,2,2,3,2,2,2,2,2,3,3,32,16,24,10,22,22,35,13,174
12/22/21 14:36,609,2,30+,32,2,3,13,1,32,10,10,2,1,5,9,6,31,12,23,13,48,1,3,3,3,5,4,1,2,1,2,5,3,48,36,48,20,43,42,59,9,305
12/22/21 15:12,410,2,30+,34,2,3,16,1,34,10,10,2,1,7,8,5,20,12,21,11,44,1,1,3,1,3,2,1,2,2,1,2,2,40,8,29,6,25,21,56,9,194
12/22/21 15:41,701,1,30+,36,2,3,12,1,36,10,10,1,1,3,9,5,25,11,18,15,44,1,1,2,1,3,3,2,2,2,2,2,2,47,41,44,22,51,37,45,17,304