,County,Median Sale Price,Average Sale Price
0,Fairfield,369587.11,607031.57
1,Fairfield,351716.13,612695.88
2,Fairfield,375670.85,581427.5
3,Fairfield,372628.98,579640.9
4,Fairfield,401488.72,576070.59
5,Fairfield,425861.69,646902.06
6,Fairfield,433466.37,656288.16
7,Fairfield,447915.25,685425.69
8,Fairfield,392401.13,575305.87
9,Fairfield,372628.98,537846.34
10,Fairfield,392401.13,537594.82
11,Fairfield,387838.33,594397.7
12,Fairfield,404202.61,594532.36
13,Fairfield,372764.63,567337.61
14,Fairfield,414681.94,642277.94
15,Fairfield,419173.08,599222.41
16,Fairfield,449114.01,695586.54
17,Fairfield,525313.69,755213.38
18,Fairfield,501510.64,777741.88
19,Fairfield,507498.83,707006.24
20,Fairfield,434143.54,653868.29
21,Fairfield,456599.24,626522.9
22,Fairfield,434143.54,636673.26
23,Fairfield,449114.01,611780.51
24,Fairfield,414878.83,639164.66
25,Fairfield,419634.94,579180.81
26,Fairfield,424391.04,578292.01
27,Fairfield,452854.51,620446.11
28,Fairfield,475610.65,677092.17
29,Fairfield,511464.38,707819.02
30,Fairfield,519513.17,751605.06
31,Fairfield,522440.01,788279.38
32,Fairfield,490244.83,698331.78
33,Fairfield,468293.57,683481.67
34,Fairfield,460976.48,693384.49
35,Fairfield,497561.91,705927.53
36,Fairfield,484633.95,748186.84
37,Fairfield,468241.92,733853.1
38,Fairfield,477506.98,704415.71
39,Fairfield,523119.59,825339.99
40,Fairfield,529533.86,828415.95
41,Fairfield,563030.62,853965.69
42,Fairfield,611494.01,869713.85
43,Fairfield,605792.44,901881.44
44,Fairfield,569088.54,836041.39
45,Fairfield,524544.98,785055.65
46,Fairfield,534522.74,788870.7
47,Fairfield,535948.13,783016.19
48,Fairfield,524012.35,813386.43
49,Fairfield,510222.55,850003.52
50,Fairfield,551591.94,816305.9
51,Fairfield,566760.72,823840.15
52,Fairfield,592961.34,862590.31
53,Fairfield,613646.04,930017.32
54,Fairfield,648120.53,940906.71
55,Fairfield,634330.73,997201.22
56,Fairfield,586066.44,885310.4
57,Fairfield,565381.74,845322.38
58,Fairfield,561934.29,831837.13
59,Fairfield,589513.89,886925.13
60,Fairfield,547733.28,852276.68
61,Fairfield,544393.45,839108.38
62,Fairfield,547733.28,850283.84
63,Fairfield,534373.94,844034.36
64,Fairfield,568440.27,885688.21
65,Fairfield,621209.7,952679.9
66,Fairfield,614530.03,925199.75
67,Fairfield,594491.0,890541.1
68,Fairfield,534373.94,799763.49
69,Fairfield,547733.28,772572.55
70,Fairfield,545061.42,777565.43
71,Fairfield,527694.26,842919.86
72,Fairfield,532449.07,914414.92
73,Fairfield,540241.0,831894.31
74,Fairfield,538942.35,902993.79
75,Fairfield,573356.74,919020.94
76,Fairfield,589265.28,967900.81
77,Fairfield,642834.85,1015354.95
78,Fairfield,649328.13,1038228.9
79,Fairfield,616861.72,951441.69
80,Fairfield,519462.5,857298.0
81,Fairfield,532449.07,800830.83
82,Fairfield,555824.88,940733.09
83,Fairfield,519462.5,818244.84
84,Fairfield,456590.81,691181.93
85,Fairfield,494118.82,810082.97
86,Fairfield,475354.81,778835.59
87,Fairfield,487864.15,819838.68
88,Fairfield,520388.43,822284.23
89,Fairfield,541028.83,873444.45
90,Fairfield,631721.53,899512.19
91,Fairfield,547908.97,902791.39
92,Fairfield,481609.48,710055.7
93,Fairfield,481609.48,676517.47
94,Fairfield,431572.13,633807.45
95,Fairfield,404364.33,589487.45
96,Fairfield,388580.84,579601.56
97,Fairfield,376486.22,561744.42
98,Fairfield,396565.48,645073.37
99,Fairfield,420409.61,606819.23
100,Fairfield,426684.38,629227.74
101,Fairfield,489432.08,716256.82
102,Fairfield,519550.98,801727.33
103,Fairfield,501981.62,767939.19
104,Fairfield,432959.15,706778.48
105,Fairfield,439233.92,719070.9
106,Fairfield,420409.61,630183.43
107,Fairfield,451783.46,689286.0
108,Fairfield,463029.97,726886.56
109,Fairfield,370423.97,598628.66
110,Fairfield,432161.3,659248.68
111,Fairfield,450682.5,745788.89
112,Fairfield,453151.99,716001.14
113,Fairfield,503776.6,761876.98
114,Fairfield,586504.62,940147.26
115,Fairfield,524767.29,818198.61
116,Fairfield,456856.23,756987.71
117,Fairfield,454386.74,708417.54
118,Fairfield,456856.23,684248.46
119,Fairfield,438335.03,771702.44
120,Fairfield,439956.27,747651.32
121,Fairfield,389076.97,680704.53
122,Fairfield,416611.65,669203.91
123,Fairfield,448934.97,771472.65
124,Fairfield,474075.33,852946.58
125,Fairfield,532736.16,864335.78
126,Fairfield,502388.16,748832.49
127,Fairfield,499215.69,764642.5
128,Fairfield,454863.3,716571.79
129,Fairfield,360345.14,561225.69
130,Fairfield,353162.18,613984.52
131,Fairfield,377105.37,612042.32
132,Fairfield,351853.38,589888.84
133,Fairfield,347455.22,555093.02
134,Fairfield,387038.72,609366.22
135,Fairfield,398767.17,587634.11
136,Fairfield,428088.28,660091.89
137,Fairfield,527662.79,779660.41
138,Fairfield,498458.96,765705.63
139,Fairfield,469137.84,748894.73
140,Fairfield,428088.28,709711.85
141,Fairfield,390557.25,596864.56
142,Fairfield,416359.84,652034.53
143,Fairfield,433952.51,835280.32
144,Fairfield,346769.84,595131.64
145,Fairfield,366998.08,666302.59
146,Fairfield,375667.32,609813.03
147,Fairfield,404564.81,634858.55
148,Fairfield,480854.17,757575.79
149,Fairfield,520154.75,814179.17
150,Fairfield,488945.47,738144.56
151,Fairfield,470405.42,713391.42
152,Fairfield,410344.31,628112.21
153,Fairfield,371043.72,535081.66
154,Fairfield,393005.81,634517.08
155,Fairfield,403408.91,691738.18
156,Fairfield,367704.37,591502.93
157,Fairfield,341256.95,582548.85
158,Fairfield,341256.95,559243.09
159,Fairfield,400505.99,626389.42
160,Fairfield,423158.62,685261.88
161,Fairfield,478755.07,718796.67
162,Fairfield,472072.12,730424.19
163,Fairfield,480034.78,765329.48
164,Fairfield,397564.35,580055.79
165,Fairfield,381070.27,613030.06
166,Fairfield,398133.11,621001.94
167,Fairfield,402398.83,645444.66
168,Fairfield,378561.3,590396.26
169,Fairfield,382313.43,583826.79
170,Fairfield,369247.74,572882.57
171,Fairfield,397651.41,641167.99
172,Fairfield,454458.75,662314.28
173,Fairfield,443097.29,727894.14
174,Fairfield,466388.3,735580.06
175,Fairfield,420374.35,666247.33
176,Fairfield,395379.12,609534.48
177,Fairfield,426055.08,640786.16
178,Fairfield,364093.04,561906.96
179,Fairfield,367429.9,559482.04
180,Fairfield,364626.6,587193.77
181,Fairfield,363168.1,569133.9
182,Fairfield,355931.66,556595.72
183,Fairfield,381455.52,581674.81
184,Fairfield,397933.84,590068.24
185,Fairfield,434747.1,682638.23
186,Fairfield,420723.0,609718.55
187,Fairfield,415001.17,582878.34
188,Fairfield,403894.08,583864.88
189,Fairfield,364626.6,530084.23
190,Fairfield,392674.8,575586.48
191,Fairfield,375565.4,545225.38
192,Fairfield,362488.11,559668.52
193,Fairfield,351503.62,551667.18
194,Fairfield,356995.87,543899.77
195,Fairfield,420156.67,608892.85
196,Fairfield,415213.65,582186.6
197,Fairfield,442674.87,645940.31
198,Fairfield,411918.31,628237.05
199,Fairfield,417410.55,634336.81
200,Fairfield,408073.74,586690.26
201,Fairfield,373417.68,519879.38
202,Fairfield,389949.33,578654.3
203,Fairfield,411863.38,645562.16
204,Fairfield,364597.93,532966.25
205,Fairfield,386044.87,612839.35
206,Fairfield,359236.2,593526.55
207,Fairfield,390334.26,651792.18
208,Fairfield,407384.57,599514.25
209,Fairfield,447409.92,675246.68
210,Fairfield,450385.68,683754.16
211,Fairfield,450385.68,802001.39
212,Fairfield,386044.87,598227.19
213,Fairfield,353874.47,513006.45
214,Fairfield,375321.4,554322.86
215,Fairfield,386044.87,577571.52
216,Fairfield,360215.13,531718.55
217,Fairfield,321244.49,456962.32
218,Fairfield,358108.61,517567.08
219,Fairfield,370747.74,553808.95
220,Fairfield,394972.73,583053.59
221,Fairfield,429203.71,639814.2
222,Fairfield,421304.25,600879.49
223,Fairfield,421304.25,618666.58
224,Fairfield,384440.13,555073.06
225,Fairfield,357581.98,510875.9
226,Fairfield,373907.52,573773.78
227,Fairfield,389706.43,547687.77
228,Fairfield,374498.68,589761.06
229,Fairfield,353693.2,502743.79
230,Fairfield,390102.79,551790.74
231,Fairfield,395304.16,524535.91
232,Fairfield,435354.72,636718.08
233,Fairfield,484767.74,762461.94
234,Fairfield,540942.54,793033.77
235,Fairfield,548224.46,820000.51
236,Fairfield,534700.9,823486.6
237,Fairfield,509734.32,752831.97
238,Fairfield,481126.78,715010.5
239,Fairfield,510774.59,768184.15
240,Fairfield,439500.0,613531.92
241,Fairfield,442000.0,719660.08
242,Fairfield,445000.0,705148.82
243,Fairfield,459900.0,761882.02
244,Fairfield,510000.0,855724.21
245,Fairfield,540000.0,843103.42
246,Fairfield,550000.0,883779.04
247,Fairfield,522000.0,807179.08
248,Fairfield,454000.0,689336.69
249,Fairfield,455000.0,677496.64
250,Hartford,192398.23,223857.89
251,Hartford,197721.5,239366.58
252,Hartford,193158.7,231201.07
253,Hartford,205326.17,242797.64
254,Hartford,201828.02,238740.25
255,Hartford,208368.04,247051.1
256,Hartford,212930.85,253548.35
257,Hartford,220535.52,262732.5
258,Hartford,212930.85,244306.64
259,Hartford,212930.85,245466.78
260,Hartford,212930.85,250371.9
261,Hartford,209888.98,240742.1
262,Hartford,209436.83,250843.08
263,Hartford,194616.07,235951.63
264,Hartford,209436.83,254103.17
265,Hartford,202101.3,237616.63
266,Hartford,213179.45,250443.51
267,Hartford,224557.01,277908.31
268,Hartford,231293.72,278313.01
269,Hartford,245515.66,290190.24
270,Hartford,232042.24,277842.34
271,Hartford,229048.15,265705.63
272,Hartford,232042.24,273084.08
273,Hartford,224557.01,258350.06
274,Hartford,219512.61,265782.71
275,Hartford,217317.48,247725.78
276,Hartford,213658.94,254662.63
277,Hartford,226829.7,263330.62
278,Hartford,234146.78,273541.93
279,Hartford,241463.87,297230.58
280,Hartford,256098.04,319034.87
281,Hartford,255659.02,311014.71
282,Hartford,245488.27,291686.0
283,Hartford,242927.29,287892.57
284,Hartford,248634.61,294415.9
285,Hartford,248780.96,283178.68
286,Hartford,233764.61,279933.49
287,Hartford,235190.01,281878.56
288,Hartford,242316.98,277993.88
289,Hartford,246593.16,290237.12
290,Hartford,256570.92,296340.35
291,Hartford,263697.89,309165.51
292,Hartford,277951.82,335365.07
293,Hartford,277951.82,333896.3
294,Hartford,263697.89,308025.47
295,Hartford,263697.89,301754.72
296,Hartford,270040.89,308410.72
297,Hartford,270824.86,311920.08
298,Hartford,259248.21,299027.08
299,Hartford,255111.27,301333.84
300,Hartford,257524.49,291192.18
301,Hartford,264764.13,307170.32
302,Hartford,268901.07,307492.13
303,Hartford,289585.77,334241.87
304,Hartford,297859.65,345277.94
305,Hartford,310270.47,346056.72
306,Hartford,289585.77,325464.0
307,Hartford,295101.69,333957.69
308,Hartford,292343.73,325687.37
309,Hartford,296480.67,334406.3
310,Hartford,275202.58,312671.57
311,Hartford,280546.32,310166.78
312,Hartford,283218.19,324495.31
313,Hartford,287225.99,317109.85
314,Hartford,293905.67,322785.51
315,Hartford,301186.51,342341.99
316,Hartford,307265.01,357426.39
317,Hartford,300585.34,345129.64
318,Hartford,300585.34,338178.43
319,Hartford,291233.8,322961.7
320,Hartford,293905.67,322919.83
321,Hartford,283886.15,321865.78
322,Hartford,279211.1,319557.81
323,Hartford,283756.39,324035.42
324,Hartford,292197.66,344669.82
325,Hartford,285704.38,313861.83
326,Hartford,284723.89,317731.67
327,Hartford,301288.25,355151.83
328,Hartford,308430.86,365610.72
329,Hartford,308755.53,356368.33
330,Hartford,292197.66,320606.36
331,Hartford,285704.38,325757.23
332,Hartford,283107.06,330888.29
333,Hartford,272717.81,325772.75
334,Hartford,252688.61,301397.88
335,Hartford,250186.74,295347.51
336,Hartford,271452.62,307687.2
337,Hartford,266448.88,307092.98
338,Hartford,256441.41,301497.01
339,Hartford,281460.09,332708.1
340,Hartford,282711.02,335616.39
341,Hartford,283961.95,343458.54
342,Hartford,265510.68,309458.51
343,Hartford,250186.74,296377.57
344,Hartford,255190.48,308322.17
345,Hartford,236989.39,276007.77
346,Hartford,232166.5,269541.24
347,Hartford,228401.64,274021.55
348,Hartford,232793.98,259247.63
349,Hartford,225891.73,274114.98
350,Hartford,244716.04,281876.45
351,Hartford,270442.6,317724.53
352,Hartford,259775.49,300003.07
353,Hartford,260402.97,303881.4
354,Hartford,244716.04,283016.27
355,Hartford,240951.18,278865.38
356,Hartford,244716.04,282464.48
357,Hartford,243774.83,286367.09
358,Hartford,229662.86,269537.44
359,Hartford,224415.19,271147.5
360,Hartford,234601.85,266836.43
361,Hartford,230897.61,267947.46
362,Hartford,245714.57,275116.44
363,Hartford,265470.51,301983.37
364,Hartford,253123.05,295114.69
365,Hartford,256827.29,303988.95
366,Hartford,234601.85,279878.36
367,Hartford,247196.26,307975.2
368,Hartford,255592.54,296163.03
369,Hartford,242148.62,283435.21
370,Hartford,215488.79,258114.41
371,Hartford,209951.92,254987.69
372,Hartford,210700.15,244704.42
373,Hartford,221414.73,281013.17
374,Hartford,228657.54,291124.4
375,Hartford,245417.78,305241.3
376,Hartford,249607.84,291904.98
377,Hartford,246614.94,295035.18
378,Hartford,225066.06,268272.82
379,Hartford,224766.77,263720.4
380,Hartford,226263.22,269237.73
381,Hartford,215488.79,261435.45
382,Hartford,199383.58,240524.64
383,Hartford,189121.19,226592.35
384,Hartford,205247.81,247297.33
385,Hartford,212284.87,249185.42
386,Hartford,217562.67,269626.7
387,Hartford,236914.61,290516.98
388,Hartford,240374.5,281918.93
389,Hartford,239084.37,279108.6
390,Hartford,212284.87,264668.92
391,Hartford,222723.19,264416.43
392,Hartford,208179.92,251195.75
393,Hartford,222840.48,269426.65
394,Hartford,208061.9,235942.74
395,Hartford,186677.76,224074.44
396,Hartford,194191.11,237789.11
397,Hartford,209217.8,245871.31
398,Hartford,217655.87,255384.43
399,Hartford,236959.39,278658.46
400,Hartford,239849.14,287582.54
401,Hartford,232913.74,289677.97
402,Hartford,210373.7,252153.73
403,Hartford,213841.4,258244.1
404,Hartford,214361.55,256623.85
405,Hartford,202282.4,249716.65
406,Hartford,193378.94,228108.62
407,Hartford,186553.8,228208.78
408,Hartford,193378.94,239141.34
409,Hartford,208109.87,274434.33
410,Hartford,207029.22,261820.68
411,Hartford,227504.64,309025.76
412,Hartford,224092.07,273885.83
413,Hartford,226224.92,279424.02
414,Hartford,210441.79,262303.07
415,Hartford,204754.17,249189.71
416,Hartford,210441.79,251368.3
417,Hartford,201341.6,239074.32
418,Hartford,181726.69,218686.73
419,Hartford,187464.24,245382.06
420,Hartford,204506.44,235942.22
421,Hartford,203370.29,239765.15
422,Hartford,207346.81,246332.68
423,Hartford,238590.85,279363.74
424,Hartford,222287.14,259886.6
425,Hartford,220866.95,267674.99
426,Hartford,215867.91,249458.31
427,Hartford,195985.34,237438.89
428,Hartford,198825.7,241634.38
429,Hartford,202720.42,239887.64
430,Hartford,190110.7,216875.09
431,Hartford,187642.46,218966.52
432,Hartford,196337.4,235772.26
433,Hartford,201947.04,241480.14
434,Hartford,218775.96,256652.13
435,Hartford,224273.41,300758.78
436,Hartford,229995.24,268259.26
437,Hartford,229995.24,272211.61
438,Hartford,218775.96,253539.4
439,Hartford,218775.96,317759.45
440,Hartford,202732.39,232428.27
441,Hartford,207556.68,239070.21
442,Hartford,197720.79,248096.5
443,Hartford,190251.34,273052.74
444,Hartford,193326.99,220567.98
445,Hartford,198324.93,229754.14
446,Hartford,214197.52,245379.44
447,Hartford,225182.01,258683.17
448,Hartford,230674.25,268173.49
449,Hartford,219689.76,267091.6
450,Hartford,214563.85,243630.84
451,Hartford,210902.17,243996.39
452,Hartford,214197.52,239667.93
453,Hartford,208705.28,239575.31
454,Hartford,184979.83,216781.06
455,Hartford,183650.12,207648.52
456,Hartford,199188.43,232295.34
457,Hartford,203745.9,237394.26
458,Hartford,214469.37,246410.84
459,Hartford,235916.31,263136.48
460,Hartford,241170.81,276854.7
461,Hartford,229482.23,267510.21
462,Hartford,195167.13,229008.54
463,Hartford,203745.9,235523.51
464,Hartford,197579.91,237580.1
465,Hartford,211252.33,245475.52
466,Hartford,184320.61,217661.5
467,Hartford,189586.91,209942.56
468,Hartford,200119.52,231277.44
469,Hartford,210652.13,237197.61
470,Hartford,216971.69,246991.83
471,Hartford,228557.56,258445.94
472,Hartford,236983.64,272717.15
473,Hartford,226451.03,255236.43
474,Hartford,215918.43,248648.19
475,Hartford,220131.47,240450.16
476,Hartford,207492.34,234576.32
477,Hartford,210652.13,238214.86
478,Hartford,202853.45,232663.22
479,Hartford,195051.4,220308.91
480,Hartford,213256.19,233712.47
481,Hartford,233021.4,251946.41
482,Hartford,228860.31,256934.71
483,Hartford,239263.05,269628.63
484,Hartford,246440.94,272292.32
485,Hartford,254815.14,287344.15
486,Hartford,248625.51,280260.72
487,Hartford,254867.16,276417.4
488,Hartford,244464.42,272187.22
489,Hartford,244464.42,285331.37
490,Hartford,231750.0,264817.23
491,Hartford,225000.0,249238.57
492,Hartford,230000.0,257869.69
493,Hartford,241000.0,276899.65
494,Hartford,250000.0,284871.8
495,Hartford,260000.0,297728.77
496,Hartford,268950.0,304804.62
497,Hartford,277000.0,314632.98
498,Hartford,259000.0,286859.5
499,Hartford,250000.0,290889.36
500,Litchfield,205326.17,287938.0
501,Litchfield,193006.6,298960.24
502,Litchfield,199242.44,294080.91
503,Litchfield,212930.85,274440.4
504,Litchfield,208368.04,294296.5
505,Litchfield,230383.57,289057.5
506,Litchfield,231182.06,281143.13
507,Litchfield,233463.46,341436.43
508,Litchfield,214185.62,281995.48
509,Litchfield,212930.85,259296.7
510,Litchfield,209888.98,285076.6
511,Litchfield,228140.19,305387.58
512,Litchfield,212954.89,299571.44
513,Litchfield,222311.44,316106.33
514,Litchfield,235036.33,303592.22
515,Litchfield,215948.99,278232.09
516,Litchfield,221562.91,310017.3
517,Litchfield,229048.15,284877.39
518,Litchfield,227551.1,313439.67
519,Litchfield,239527.47,303453.0
520,Litchfield,232042.24,302864.03
521,Litchfield,237955.57,305537.52
522,Litchfield,224557.01,294251.06
523,Litchfield,247012.71,359077.41
524,Litchfield,248049.25,334290.79
525,Litchfield,230634.58,280534.74
526,Litchfield,216585.77,294323.71
527,Litchfield,224268.72,298698.33
528,Litchfield,241463.87,336789.01
529,Litchfield,240732.16,323915.65
530,Litchfield,263415.13,335037.6
531,Litchfield,272927.34,339981.51
532,Litchfield,270732.22,351143.84
533,Litchfield,260188.3,322271.21
534,Litchfield,278049.3,353936.97
535,Litchfield,251707.79,302857.57
536,Litchfield,277951.82,321272.14
537,Litchfield,242316.98,359451.99
538,Litchfield,273319.29,344295.18
539,Litchfield,279377.22,375053.77
540,Litchfield,276526.43,362901.86
541,Litchfield,271715.73,372433.83
542,Litchfield,302896.22,371790.46
543,Litchfield,285007.53,355008.26
544,Litchfield,277951.82,382564.38
545,Litchfield,285078.79,371178.97
546,Litchfield,285078.79,351251.56
547,Litchfield,270824.86,373892.07
548,Litchfield,296480.67,393024.63
549,Litchfield,257179.74,392335.13
550,Litchfield,263178.31,370873.88
551,Litchfield,290620.0,389698.83
552,Litchfield,303375.57,385702.27
553,Litchfield,324060.27,396093.79
554,Litchfield,320854.14,413599.01
555,Litchfield,324060.27,389200.91
556,Litchfield,326818.23,422124.96
557,Litchfield,329920.93,436686.41
558,Litchfield,337850.06,446856.02
559,Litchfield,308753.59,396265.77
560,Litchfield,317818.9,411831.06
561,Litchfield,292569.73,391573.42
562,Litchfield,300585.34,365754.57
563,Litchfield,285890.06,350206.05
564,Litchfield,301921.27,384649.3
565,Litchfield,331979.81,372543.73
566,Litchfield,287225.99,352584.78
567,Litchfield,307265.01,397698.29
568,Litchfield,306597.05,403684.13
569,Litchfield,307265.01,394036.7
570,Litchfield,299249.4,403269.69
571,Litchfield,297913.47,421808.43
572,Litchfield,318170.78,429832.85
573,Litchfield,259081.92,358196.26
574,Litchfield,290379.54,362426.8
575,Litchfield,312326.83,380183.13
576,Litchfield,324664.06,415184.42
577,Litchfield,335637.71,417236.43
578,Litchfield,319339.57,410474.64
579,Litchfield,315573.47,398802.05
580,Litchfield,288301.69,381907.89
581,Litchfield,274341.13,387253.78
582,Litchfield,279211.1,385914.03
583,Litchfield,244677.23,313210.57
584,Litchfield,274204.67,381184.58
585,Litchfield,306478.76,379523.23
586,Litchfield,330871.97,405173.24
587,Litchfield,273954.48,347325.91
588,Litchfield,281460.09,371056.04
589,Litchfield,258317.81,344830.19
590,Litchfield,270670.78,349846.78
591,Litchfield,261757.88,348751.7
592,Litchfield,273954.48,324746.39
593,Litchfield,265823.42,406425.94
594,Litchfield,241430.21,284218.33
595,Litchfield,213909.67,272075.68
596,Litchfield,227101.51,292895.52
597,Litchfield,203005.13,307466.7
598,Litchfield,232166.5,313886.87
599,Litchfield,202047.6,253755.94
600,Litchfield,238441.27,288705.24
601,Litchfield,276089.89,328152.72
602,Litchfield,260402.97,372496.59
603,Litchfield,239696.23,330938.98
604,Litchfield,262222.65,338813.14
605,Litchfield,257265.58,331210.48
606,Litchfield,229656.59,348529.21
607,Litchfield,232166.5,305790.75
608,Litchfield,236762.66,345346.4
609,Litchfield,208363.48,545082.46
610,Litchfield,236453.97,402543.74
611,Litchfield,227193.37,325215.23
612,Litchfield,254913.43,350620.93
613,Litchfield,240158.21,357109.7
614,Litchfield,217006.71,321636.88
615,Litchfield,266705.26,368929.86
616,Litchfield,275965.86,380505.64
617,Litchfield,237688.72,366726.79
618,Litchfield,239540.84,389684.83
619,Litchfield,233367.1,324409.95
620,Litchfield,239431.98,449342.87
621,Litchfield,224467.48,357480.53
622,Litchfield,223210.47,340115.85
623,Litchfield,233446.18,284319.84
624,Litchfield,233386.33,343352.57
625,Litchfield,240629.14,299638.5
626,Litchfield,263375.18,311067.95
627,Litchfield,218481.68,311145.33
628,Litchfield,206450.23,273991.76
629,Litchfield,214291.63,293157.44
630,Litchfield,231949.73,307621.61
631,Litchfield,206929.09,272627.91
632,Litchfield,190294.04,312160.97
633,Litchfield,190587.25,246308.11
634,Litchfield,175926.69,231592.79
635,Litchfield,201289.46,262943.27
636,Litchfield,234568.92,308749.92
637,Litchfield,216976.25,287861.1
638,Litchfield,208179.92,282625.46
639,Litchfield,228118.28,278438.08
640,Litchfield,199383.58,273857.49
641,Litchfield,210994.75,264128.1
642,Litchfield,194105.78,298866.39
643,Litchfield,197858.89,297674.16
644,Litchfield,198814.71,243626.23
645,Litchfield,188411.61,254946.4
646,Litchfield,189567.51,263487.05
647,Litchfield,199392.66,251312.1
648,Litchfield,219620.9,298468.81
649,Litchfield,217829.25,338160.31
650,Litchfield,228001.17,366271.53
651,Litchfield,247073.51,336403.11
652,Litchfield,219042.95,310715.69
653,Litchfield,195347.01,284859.79
654,Litchfield,213841.4,310185.88
655,Litchfield,204016.25,300553.31
656,Litchfield,183823.75,254087.38
657,Litchfield,179728.66,251462.56
658,Litchfield,210441.79,300872.87
659,Litchfield,182003.71,244480.42
660,Litchfield,214309.37,297894.74
661,Litchfield,235751.68,306247.14
662,Litchfield,202479.13,288215.9
663,Litchfield,216129.4,264800.03
664,Litchfield,213854.36,314917.1
665,Litchfield,199066.56,293374.71
666,Litchfield,195085.23,297603.69
667,Litchfield,200204.08,332991.05
668,Litchfield,173830.47,227905.77
669,Litchfield,161276.05,308517.5
670,Litchfield,188032.31,299833.52
671,Litchfield,182919.65,267927.36
672,Litchfield,223820.94,292904.71
673,Litchfield,212033.41,335500.47
674,Litchfield,220412.5,267587.42
675,Litchfield,198768.9,265351.64
676,Litchfield,204449.63,278860.56
677,Litchfield,198825.7,254830.73
678,Litchfield,194849.19,336182.89
679,Litchfield,199961.85,296652.23
680,Litchfield,185062.03,278227.18
681,Litchfield,173337.88,216155.07
682,Litchfield,185118.12,242325.34
683,Litchfield,196337.4,260706.85
684,Litchfield,209800.54,321643.76
685,Litchfield,213166.32,290331.43
686,Litchfield,229434.28,307335.04
687,Litchfield,223263.67,295231.89
688,Litchfield,208678.61,274392.08
689,Litchfield,206995.72,275066.32
690,Litchfield,200264.15,282621.51
691,Litchfield,199142.22,274658.07
692,Litchfield,184539.4,317321.32
693,Litchfield,202663.81,255455.48
694,Litchfield,181244.05,252033.48
695,Litchfield,208156.05,326913.93
696,Litchfield,202726.97,264320.32
697,Litchfield,200466.91,257871.35
698,Litchfield,219689.76,270187.16
699,Litchfield,225072.16,281909.84
700,Litchfield,190031.65,232988.05
701,Litchfield,241548.89,322261.59
702,Litchfield,219689.76,271566.03
703,Litchfield,210902.17,255297.43
704,Litchfield,189001.13,223828.83
705,Litchfield,173023.17,249496.0
706,Litchfield,168841.01,212747.68
707,Litchfield,195703.3,236337.06
708,Litchfield,212056.59,278301.94
709,Litchfield,215220.02,318542.47
710,Litchfield,231090.75,281550.47
711,Litchfield,211815.31,258319.1
712,Litchfield,211252.33,249032.61
713,Litchfield,212324.68,282966.85
714,Litchfield,187660.7,258863.74
715,Litchfield,198598.64,271000.6
716,Litchfield,183741.32,287299.31
717,Litchfield,157989.09,200632.95
718,Litchfield,184320.61,242291.54
719,Litchfield,188533.65,345432.72
720,Litchfield,200119.52,257949.09
721,Litchfield,226451.03,274580.08
722,Litchfield,222346.48,275786.61
723,Litchfield,221184.73,264024.18
724,Litchfield,208545.6,264163.86
725,Litchfield,200119.52,276315.65
726,Litchfield,215918.43,282665.87
727,Litchfield,237773.59,281498.23
728,Litchfield,195571.53,277765.38
729,Litchfield,193490.99,244886.99
730,Litchfield,197652.08,276459.24
731,Litchfield,243424.14,360964.64
732,Litchfield,235362.02,315887.62
733,Litchfield,260068.53,396458.96
734,Litchfield,264511.02,330547.15
735,Litchfield,268286.69,374944.38
736,Litchfield,273071.96,380512.66
737,Litchfield,278533.39,377823.08
738,Litchfield,252266.47,356596.96
739,Litchfield,270471.27,369930.33
740,Litchfield,235000.0,364027.48
741,Litchfield,248000.0,315508.27
742,Litchfield,217300.0,310619.77
743,Litchfield,245000.0,308995.37
744,Litchfield,250000.0,401051.6
745,Litchfield,247000.0,343079.16
746,Litchfield,265000.0,347221.93
747,Litchfield,260000.0,337142.8
748,Litchfield,252043.5,352563.24
749,Litchfield,255000.0,312237.35
750,Middlesex,226616.22,255603.52
751,Middlesex,197721.5,242720.47
752,Middlesex,241828.6,247683.62
753,Middlesex,228140.19,256499.82
754,Middlesex,227988.1,252791.58
755,Middlesex,237265.8,276325.17
756,Middlesex,228140.19,256759.13
757,Middlesex,236505.33,269457.42
758,Middlesex,258558.89,298145.11
759,Middlesex,228140.19,260843.49
760,Middlesex,238786.74,299432.95
761,Middlesex,228140.19,287739.37
762,Middlesex,232042.24,249198.52
763,Middlesex,221188.65,267198.38
764,Middlesex,253000.89,314714.35
765,Middlesex,220065.87,262751.43
766,Middlesex,247012.71,278601.61
767,Middlesex,254497.94,295483.28
768,Middlesex,258240.56,308018.33
769,Middlesex,267222.84,341541.02
770,Middlesex,291175.58,349402.87
771,Middlesex,267971.36,317780.12
772,Middlesex,243270.09,278334.25
773,Middlesex,276953.64,331269.79
774,Middlesex,219512.61,271115.57
775,Middlesex,226829.7,271146.72
776,Middlesex,276439.55,293073.27
777,Middlesex,279659.06,321012.37
778,Middlesex,263268.79,325840.52
779,Middlesex,300000.57,359285.08
780,Middlesex,280976.14,330819.98
781,Middlesex,307317.65,349694.04
782,Middlesex,285366.39,331959.67
783,Middlesex,292683.48,359394.29
784,Middlesex,285366.39,345173.15
785,Middlesex,291529.57,320473.67
786,Middlesex,267974.07,354596.35
787,Middlesex,263697.89,386780.18
788,Middlesex,301399.56,330297.7
789,Middlesex,315368.42,357720.24
790,Middlesex,330691.4,373515.92
791,Middlesex,323564.43,377973.15
792,Middlesex,349078.98,413739.41
793,Middlesex,338531.07,403454.95
794,Middlesex,329622.36,383835.65
795,Middlesex,320713.64,376646.1
796,Middlesex,346370.74,387111.78
797,Middlesex,299332.73,370042.42
798,Middlesex,313580.02,360178.43
799,Middlesex,321302.31,332326.58
800,Middlesex,284414.6,327368.25
801,Middlesex,307512.51,338633.93
802,Middlesex,328886.7,378700.76
803,Middlesex,361065.19,404005.72
804,Middlesex,352329.35,395411.18
805,Middlesex,351639.86,393912.06
806,Middlesex,362326.96,413289.9
807,Middlesex,344744.96,402827.96
808,Middlesex,336126.34,383346.78
809,Middlesex,358534.76,415247.66
810,Middlesex,333850.12,378870.56
811,Middlesex,340663.38,388007.85
812,Middlesex,331311.84,380652.86
813,Middlesex,333983.71,378272.59
814,Middlesex,320624.36,375796.31
815,Middlesex,347343.06,416109.49
816,Middlesex,368050.05,435906.87
817,Middlesex,313944.69,355640.27
818,Middlesex,373928.16,442575.41
819,Middlesex,339327.45,401022.4
820,Middlesex,371991.06,396079.88
821,Middlesex,360034.44,421444.3
822,Middlesex,325313.39,380863.36
823,Middlesex,324664.06,407666.73
824,Middlesex,318170.78,381258.48
825,Middlesex,358429.13,394563.83
826,Middlesex,315248.81,405034.26
827,Middlesex,376610.32,433854.05
828,Middlesex,324664.06,384209.86
829,Middlesex,374013.0,450567.9
830,Middlesex,316872.13,390001.63
831,Middlesex,357130.47,383468.77
832,Middlesex,320768.1,381181.46
833,Middlesex,342520.59,390431.73
834,Middlesex,312733.43,365421.11
835,Middlesex,286151.09,322563.2
836,Middlesex,325242.77,349940.28
837,Middlesex,331497.44,391552.38
838,Middlesex,293969.42,372414.33
839,Middlesex,319926.3,338162.25
840,Middlesex,317612.07,360922.7
841,Middlesex,322740.9,361093.74
842,Middlesex,306478.76,415739.24
843,Middlesex,310231.56,358552.0
844,Middlesex,287276.93,322235.12
845,Middlesex,275205.42,330337.67
846,Middlesex,247790.68,279410.35
847,Middlesex,267305.22,299818.62
848,Middlesex,263540.35,278850.02
849,Middlesex,291776.82,324619.77
850,Middlesex,276717.37,314974.89
851,Middlesex,295039.7,401315.96
852,Middlesex,298051.59,338057.15
853,Middlesex,291776.82,350749.78
854,Middlesex,282364.66,348322.77
855,Middlesex,276089.89,337325.78
856,Middlesex,292404.3,341048.15
857,Middlesex,288639.43,379696.76
858,Middlesex,268557.38,307310.16
859,Middlesex,308069.27,363935.02
860,Middlesex,271644.25,313897.04
861,Middlesex,259235.04,309338.83
862,Middlesex,283065.65,338019.08
863,Middlesex,291400.19,317406.77
864,Middlesex,283991.71,334397.61
865,Middlesex,296339.18,317919.25
866,Middlesex,277817.98,350679.9
867,Middlesex,253123.05,289669.97
868,Middlesex,311156.14,373095.74
869,Middlesex,290165.45,333899.49
870,Middlesex,263375.18,346562.43
871,Middlesex,287318.38,373437.77
872,Middlesex,305275.78,339216.06
873,Middlesex,257987.96,333285.61
874,Middlesex,313655.9,369109.44
875,Middlesex,329218.98,416695.56
876,Middlesex,296895.66,342121.84
877,Middlesex,267864.53,296285.14
878,Middlesex,284265.62,314433.07
879,Middlesex,257389.38,298117.71
880,Middlesex,266966.66,296817.7
881,Middlesex,251403.58,295344.5
882,Middlesex,221374.42,269834.11
883,Middlesex,281482.71,324561.61
884,Middlesex,272099.95,312073.22
885,Middlesex,228704.7,284264.63
886,Middlesex,298958.09,318910.75
887,Middlesex,279137.02,376234.75
888,Middlesex,290279.04,327698.65
889,Middlesex,258025.81,292639.83
890,Middlesex,246180.08,291803.04
891,Middlesex,270575.25,300436.2
892,Middlesex,243365.26,283730.8
893,Middlesex,245359.09,314379.11
894,Middlesex,228579.12,268776.72
895,Middlesex,225400.39,261522.58
896,Middlesex,236959.39,265745.79
897,Middlesex,277300.28,305673.39
898,Middlesex,236959.39,313768.51
899,Middlesex,276664.53,303840.31
900,Middlesex,260077.38,297442.52
901,Middlesex,306313.35,353786.81
902,Middlesex,265856.87,290719.11
903,Middlesex,247362.48,303262.02
904,Middlesex,257187.63,331949.89
905,Middlesex,234647.59,279276.35
906,Middlesex,252530.15,282376.17
907,Middlesex,253952.05,273511.05
908,Middlesex,233192.25,277632.19
909,Middlesex,249117.58,274149.53
910,Middlesex,252814.53,285205.43
911,Middlesex,270730.52,293462.81
912,Middlesex,267317.95,301067.41
913,Middlesex,267317.95,292349.57
914,Middlesex,251677.0,313683.15
915,Middlesex,247411.29,292216.77
916,Middlesex,261630.33,306883.8
917,Middlesex,231770.35,276808.63
918,Middlesex,219276.35,301685.75
919,Middlesex,230012.94,256654.33
920,Middlesex,232910.11,263039.49
921,Middlesex,244271.58,279865.68
922,Middlesex,261313.78,339135.18
923,Middlesex,261313.78,289488.03
924,Middlesex,264097.34,304497.78
925,Middlesex,260177.64,288971.85
926,Middlesex,242499.19,288871.67
927,Middlesex,250520.39,284073.5
928,Middlesex,232910.11,267318.83
929,Middlesex,278071.95,312279.69
930,Middlesex,244019.34,326535.63
931,Middlesex,252433.8,276419.58
932,Middlesex,234202.47,272298.42
933,Middlesex,241214.52,285683.27
934,Middlesex,258043.44,285918.33
935,Middlesex,302920.56,333478.67
936,Middlesex,258043.44,287874.34
937,Middlesex,269262.72,308637.49
938,Middlesex,267018.87,309534.65
939,Middlesex,252433.8,285612.27
940,Middlesex,253443.54,286003.37
941,Middlesex,229995.24,274577.5
942,Middlesex,219689.76,256407.44
943,Middlesex,230399.64,274884.65
944,Middlesex,253741.68,271393.66
945,Middlesex,248249.43,254136.52
946,Middlesex,254290.9,301612.29
947,Middlesex,287793.59,302862.67
948,Middlesex,274612.2,310917.9
949,Middlesex,291088.94,343550.04
950,Middlesex,258135.47,309197.4
951,Middlesex,263627.72,295588.24
952,Middlesex,238638.01,278296.84
953,Middlesex,238363.39,307296.53
954,Middlesex,228409.88,268660.27
955,Middlesex,234843.96,270081.22
956,Middlesex,227444.77,259104.13
957,Middlesex,240205.7,293042.78
958,Middlesex,238597.18,301818.26
959,Middlesex,268086.72,300868.12
960,Middlesex,260580.29,290238.0
961,Middlesex,257309.63,287544.99
962,Middlesex,257363.25,286691.56
963,Middlesex,246639.78,284604.52
964,Middlesex,247980.21,290412.51
965,Middlesex,246639.78,281596.76
966,Middlesex,236983.64,270720.1
967,Middlesex,231717.34,272784.19
968,Middlesex,254204.45,281783.65
969,Middlesex,252782.55,343405.79
970,Middlesex,247516.25,272819.62
971,Middlesex,273321.13,310053.17
972,Middlesex,263315.16,293580.86
973,Middlesex,283537.76,319395.17
974,Middlesex,258048.85,285192.43
975,Middlesex,249096.14,312060.35
976,Middlesex,263262.49,282287.5
977,Middlesex,249991.41,272825.31
978,Middlesex,239263.05,272362.48
979,Middlesex,267246.42,313772.9
980,Middlesex,244464.42,257958.77
981,Middlesex,265269.9,273640.99
982,Middlesex,266310.17,281343.1
983,Middlesex,260068.53,303657.04
984,Middlesex,283994.83,315305.55
985,Middlesex,278793.46,316243.89
986,Middlesex,250810.09,306384.07
987,Middlesex,301679.49,379526.98
988,Middlesex,306880.86,355805.61
989,Middlesex,312082.23,362274.19
990,Middlesex,289944.0,341984.92
991,Middlesex,260000.0,314920.88
992,Middlesex,267500.0,334658.25
993,Middlesex,296000.0,343051.31
994,Middlesex,314950.0,361677.6
995,Middlesex,300000.0,329563.02
996,Middlesex,295000.0,338800.46
997,Middlesex,300000.0,356656.72
998,Middlesex,300000.0,356580.34
999,Middlesex,287500.0,357645.47
1000,New Haven,182512.15,235175.24
1001,New Haven,182512.15,207160.58
1002,New Haven,185554.02,221848.14
1003,New Haven,184793.56,217779.41
1004,New Haven,197721.5,239188.69
1005,New Haven,205326.17,250089.64
1006,New Haven,206847.11,262637.53
1007,New Haven,212778.75,254841.47
1008,New Haven,212778.75,257653.65
1009,New Haven,206847.11,238432.94
1010,New Haven,197797.55,242928.11
1011,New Haven,205706.41,238599.48
1012,New Haven,194616.07,229687.87
1013,New Haven,193119.02,228053.33
1014,New Haven,202101.3,234009.91
1015,New Haven,200529.41,244913.9
1016,New Haven,205095.4,249737.37
1017,New Haven,224407.3,270930.12
1018,New Haven,224557.01,279884.35
1019,New Haven,229048.15,276331.89
1020,New Haven,228299.62,274859.12
1021,New Haven,221562.91,264619.24
1022,New Haven,224557.01,269187.27
1023,New Haven,224407.3,257784.11
1024,New Haven,212195.52,258959.64
1025,New Haven,212195.52,253090.39
1026,New Haven,223902.86,269706.86
1027,New Haven,225000.42,277912.75
1028,New Haven,238537.03,284797.22
1029,New Haven,247317.54,302556.48
1030,New Haven,256829.75,323809.05
1031,New Haven,256098.04,312227.55
1032,New Haven,255951.7,322709.39
1033,New Haven,240000.45,286853.3
1034,New Haven,248780.96,293045.88
1035,New Haven,245854.12,296569.3
1036,New Haven,239466.19,284675.21
1037,New Haven,220793.53,263254.06
1038,New Haven,237256.83,283798.9
1039,New Haven,242316.98,296498.77
1040,New Haven,258709.01,308169.89
1041,New Haven,277951.82,335837.0
1042,New Haven,274388.34,334964.35
1043,New Haven,274958.5,331513.15
1044,New Haven,277025.32,335506.18
1045,New Haven,267974.07,321404.19
1046,New Haven,275101.04,314932.78
1047,New Haven,271537.55,319308.91
1048,New Haven,262006.17,301052.14
1049,New Haven,241321.47,287809.41
1050,New Haven,258558.72,301929.64
1051,New Haven,275795.97,326613.17
1052,New Haven,289585.77,323702.43
1053,New Haven,303237.67,344558.32
1054,New Haven,315786.39,376645.69
1055,New Haven,315441.64,362726.1
1056,New Haven,296480.67,345741.0
1057,New Haven,306478.27,348107.95
1058,New Haven,301858.69,354886.3
1059,New Haven,306133.53,335620.26
1060,New Haven,287225.99,338031.36
1061,New Haven,287225.99,328703.54
1062,New Haven,287225.99,342178.75
1063,New Haven,300585.34,344670.2
1064,New Haven,307265.01,348424.71
1065,New Haven,323296.23,372572.26
1066,New Haven,320624.36,365909.14
1067,New Haven,316616.56,359376.8
1068,New Haven,307265.01,344205.15
1069,New Haven,307265.01,350179.75
1070,New Haven,296911.52,342946.54
1071,New Haven,313944.69,351552.43
1072,New Haven,272717.81,315949.7
1073,New Haven,272717.81,332944.75
1074,New Haven,292197.66,336548.34
1075,New Haven,295768.96,338433.28
1076,New Haven,298690.94,348077.89
1077,New Haven,315963.07,395608.12
1078,New Haven,311677.5,373114.62
1079,New Haven,311612.57,369959.85
1080,New Haven,302586.91,348135.44
1081,New Haven,285704.38,334473.99
1082,New Haven,280509.75,326614.3
1083,New Haven,281808.41,354167.4
1084,New Haven,262696.08,300994.69
1085,New Haven,266448.88,307665.32
1086,New Haven,262696.08,301171.73
1087,New Haven,273954.48,304033.44
1088,New Haven,268950.75,302920.29
1089,New Haven,290216.62,360464.2
1090,New Haven,290216.62,356632.58
1091,New Haven,278332.75,331098.14
1092,New Haven,267828.66,303875.15
1093,New Haven,250186.74,287392.49
1094,New Haven,237677.41,273318.55
1095,New Haven,225216.86,271695.92
1096,New Haven,219616.96,270288.46
1097,New Haven,200792.65,247796.73
1098,New Haven,219616.96,264589.07
1099,New Haven,225546.62,254265.84
1100,New Haven,238441.27,280028.64
1101,New Haven,240323.7,285117.27
1102,New Haven,259148.01,302994.96
1103,New Haven,250990.81,292027.72
1104,New Haven,238441.27,275390.09
1105,New Haven,238441.27,282728.79
1106,New Haven,229656.59,271658.56
1107,New Haven,229656.59,278941.89
1108,New Haven,209906.92,299971.65
1109,New Haven,216389.34,254514.38
1110,New Haven,211913.38,252461.43
1111,New Haven,232441.04,285144.62
1112,New Haven,222254.38,258694.61
1113,New Haven,251733.96,300872.57
1114,New Haven,228428.12,270937.69
1115,New Haven,240775.58,278055.5
1116,New Haven,222254.38,253526.25
1117,New Haven,228428.12,273317.59
1118,New Haven,218704.49,257387.08
1119,New Haven,218550.14,271949.83
1120,New Haven,203517.19,242374.42
1121,New Haven,201661.59,254897.31
1122,New Haven,173288.9,223629.24
1123,New Haven,210700.15,250822.46
1124,New Haven,220277.42,250061.82
1125,New Haven,227460.38,300004.99
1126,New Haven,227460.38,268360.89
1127,New Haven,217883.1,268598.53
1128,New Haven,215488.79,259022.95
1129,New Haven,187954.11,235718.93
1130,New Haven,207108.67,257927.92
1131,New Haven,194538.49,232221.9
1132,New Haven,181087.21,217967.44
1133,New Haven,175340.27,199667.0
1134,New Haven,181790.91,218585.63
1135,New Haven,203195.33,235608.4
1136,New Haven,203547.18,245066.17
1137,New Haven,222840.48,270615.42
1138,New Haven,211405.24,267184.0
1139,New Haven,220788.0,288481.01
1140,New Haven,205247.81,243852.4
1141,New Haven,205247.81,240314.85
1142,New Haven,205247.81,236375.51
1143,New Haven,199383.58,251890.48
1144,New Haven,177141.59,218327.01
1145,New Haven,184943.91,219025.56
1146,New Haven,179106.62,216495.95
1147,New Haven,190723.41,244217.01
1148,New Haven,202282.4,250688.08
1149,New Haven,213841.4,278463.12
1150,New Haven,225400.39,270846.12
1151,New Haven,225400.39,272049.21
1152,New Haven,217193.51,257893.63
1153,New Haven,211760.78,251748.21
1154,New Haven,196502.91,248549.78
1155,New Haven,195924.96,237199.41
1156,New Haven,167215.91,208657.25
1157,New Haven,171367.87,203772.5
1158,New Haven,176316.09,207999.71
1159,New Haven,182572.47,226502.7
1160,New Haven,193947.7,251915.88
1161,New Haven,208735.5,249793.29
1162,New Haven,216129.4,264723.91
1163,New Haven,204754.17,257430.95
1164,New Haven,182003.71,240787.53
1165,New Haven,192241.42,230669.68
1166,New Haven,190535.13,242818.61
1167,New Haven,176316.09,229438.55
1168,New Haven,176102.77,216049.71
1169,New Haven,167865.7,209089.34
1170,New Haven,170422.03,205961.13
1171,New Haven,181215.43,225923.4
1172,New Haven,191724.79,233476.52
1173,New Haven,215867.91,261556.01
1174,New Haven,210187.17,259418.2
1175,New Haven,221548.64,282242.85
1176,New Haven,201382.04,242923.51
1177,New Haven,193144.97,238325.19
1178,New Haven,179397.59,217004.09
1179,New Haven,187464.24,223851.72
1180,New Haven,191288.73,227873.76
1181,New Haven,176703.66,213956.28
1182,New Haven,182313.3,220256.11
1183,New Haven,179508.48,219194.89
1184,New Haven,206883.53,239831.86
1185,New Haven,224385.6,261763.09
1186,New Haven,224385.6,258518.89
1187,New Haven,217654.03,255289.82
1188,New Haven,203965.39,234437.26
1189,New Haven,201947.04,236368.88
1190,New Haven,205088.44,246697.52
1191,New Haven,207556.68,251473.78
1192,New Haven,186736.3,227158.09
1193,New Haven,181244.05,214236.94
1194,New Haven,175532.12,216481.92
1195,New Haven,177948.71,210164.57
1196,New Haven,201839.97,235250.82
1197,New Haven,220788.21,259349.47
1198,New Haven,225182.01,259601.95
1199,New Haven,230674.25,368810.97
1200,New Haven,208705.28,249279.58
1201,New Haven,219689.76,258957.47
1202,New Haven,204860.7,248764.66
1203,New Haven,196567.42,233061.77
1204,New Haven,187660.7,230647.79
1205,New Haven,182298.97,217220.98
1206,New Haven,193558.61,243481.55
1207,New Haven,206865.36,232170.93
1208,New Haven,203638.67,242670.03
1209,New Haven,234850.93,281884.6
1210,New Haven,233771.62,334807.74
1211,New Haven,225650.2,267368.33
1212,New Haven,209107.64,243842.57
1213,New Haven,203745.9,239285.91
1214,New Haven,193022.44,227420.68
1215,New Haven,198652.26,236943.72
1216,New Haven,179054.31,215140.58
1217,New Haven,179054.31,213347.85
1218,New Haven,194853.22,223324.61
1219,New Haven,205385.82,243858.39
1220,New Haven,210652.13,260124.14
1221,New Haven,231717.34,273325.79
1222,New Haven,226451.03,265229.74
1223,New Haven,231717.34,264582.63
1224,New Haven,210652.13,238261.21
1225,New Haven,216181.74,248499.01
1226,New Haven,205385.82,236266.9
1227,New Haven,205849.26,237321.14
1228,New Haven,192450.71,220055.44
1229,New Haven,187249.34,231884.42
1230,New Haven,220538.11,259088.74
1231,New Haven,247007.89,278889.49
1232,New Haven,254867.16,281356.73
1233,New Haven,235882.16,272667.65
1234,New Haven,249665.79,293630.99
1235,New Haven,254867.16,290100.76
1236,New Haven,265269.9,294688.58
1237,New Haven,262149.08,300630.95
1238,New Haven,254867.16,292314.69
1239,New Haven,259028.25,306328.46
1240,New Haven,232000.0,264803.59
1241,New Haven,231210.0,265658.1
1242,New Haven,240000.0,279889.46
1243,New Haven,247500.0,291638.14
1244,New Haven,255000.0,300469.91
1245,New Haven,275000.0,314417.99
1246,New Haven,272000.0,309985.4
1247,New Haven,267000.0,302522.26
1248,New Haven,263000.0,302625.49
1249,New Haven,260500.0,301419.45
1250,New London,187074.96,236506.76
1251,New London,205326.17,247620.67
1252,New London,194679.63,239516.02
1253,New London,210649.44,244959.93
1254,New London,197721.5,242496.98
1255,New London,217037.37,297138.05
1256,New London,211257.82,251437.64
1257,New London,210269.21,249564.11
1258,New London,209888.98,262546.69
1259,New London,212854.8,258933.21
1260,New London,205326.17,226659.89
1261,New London,193158.7,237412.37
1262,New London,204346.87,241999.61
1263,New London,208838.01,304760.65
1264,New London,203317.66,247691.49
1265,New London,213329.15,255994.41
1266,New London,215574.72,264045.76
1267,New London,236533.38,298315.17
1268,New London,230545.19,275788.01
1269,New London,239901.73,290992.45
1270,New London,231218.86,272000.92
1271,New London,224557.01,263369.05
1272,New London,224557.01,277690.76
1273,New London,225904.35,258612.47
1274,New London,226829.7,276917.9
1275,New London,234073.61,311777.45
1276,New London,234907.76,278213.39
1277,New London,254561.46,316211.5
1278,New London,241463.87,277942.88
1279,New London,248780.96,312820.77
1280,New London,261951.71,312603.41
1281,New London,270585.88,317576.04
1282,New London,274756.62,321663.26
1283,New London,263268.79,322345.56
1284,New London,256463.9,305782.34
1285,New London,256098.04,297168.44
1286,New London,245025.22,308408.55
1287,New London,249372.68,303723.75
1288,New London,256570.92,304328.22
1289,New London,272250.25,324139.75
1290,New London,285078.79,327553.52
1291,New London,286504.19,340831.24
1292,New London,299190.2,366395.95
1293,New London,280802.61,332320.07
1294,New London,286504.19,343779.16
1295,New London,299332.73,357497.93
1296,New London,277951.82,343163.33
1297,New London,292205.76,364106.02
1298,New London,285448.83,351521.67
1299,New London,303375.57,352941.34
1300,New London,296480.67,341692.5
1301,New London,301307.1,344799.25
1302,New London,324060.27,374043.88
1303,New London,336471.09,383522.8
1304,New London,317854.86,374294.21
1305,New London,340608.02,391679.7
1306,New London,320612.82,368787.2
1307,New London,316406.93,369892.74
1308,New London,344744.96,402807.26
1309,New London,326818.23,356933.61
1310,New London,312548.64,372746.12
1311,New London,300451.75,393765.46
1312,New London,319154.83,379713.4
1313,New London,320624.36,371096.1
1314,New London,320958.35,402570.52
1315,New London,328639.97,389711.12
1316,New London,320557.57,388383.9
1317,New London,326970.05,384641.3
1318,New London,305929.08,365725.01
1319,New London,321292.33,362791.33
1320,New London,306530.25,351686.51
1321,New London,300585.34,357352.1
1322,New London,313787.82,374095.6
1323,New London,294145.64,320787.9
1324,New London,318040.92,378301.26
1325,New London,322716.08,385102.49
1326,New London,327910.71,387977.19
1327,New London,325638.06,389134.3
1328,New London,351286.52,395986.66
1329,New London,319469.44,411263.26
1330,New London,311677.5,383838.86
1331,New London,297392.28,352761.01
1332,New London,314274.81,419274.43
1333,New London,305184.22,355342.25
1334,New London,282711.02,329799.29
1335,New London,260194.21,312853.87
1336,New London,273954.48,300529.73
1337,New London,282585.93,312858.97
1338,New London,293969.42,333737.55
1339,New London,291417.52,402051.2
1340,New London,294907.62,333550.3
1341,New London,272641.0,356652.85
1342,New London,270201.68,319833.87
1343,New London,268825.66,305335.23
1344,New London,237552.31,284545.42
1345,New London,239241.07,295629.47
1346,New London,232166.5,270978.45
1347,New London,238441.27,276516.42
1348,New London,232166.5,313762.64
1349,New London,260402.97,309672.58
1350,New London,258457.79,300712.41
1351,New London,252245.77,295982.85
1352,New London,269815.12,298654.19
1353,New London,249108.38,290475.63
1354,New London,250990.81,293136.84
1355,New London,250300.59,306110.01
1356,New London,251618.29,285718.76
1357,New London,237186.32,268118.78
1358,New London,234601.85,252200.33
1359,New London,240158.21,301180.06
1360,New London,269174.75,328459.68
1361,New London,246949.32,291594.55
1362,New London,259296.78,292753.82
1363,New London,246949.32,304924.23
1364,New London,222254.38,291063.89
1365,New London,264853.14,322043.89
1366,New London,259296.78,294412.99
1367,New London,280287.47,313798.57
1368,New London,231514.98,300978.03
1369,New London,244479.82,337301.5
1370,New London,233446.18,287804.51
1371,New London,227460.38,278217.3
1372,New London,203517.19,257098.21
1373,New London,215488.79,238012.47
1374,New London,215488.79,273177.8
1375,New London,224467.48,337091.18
1376,New London,219080.26,350711.23
1377,New London,244220.62,287546.73
1378,New London,232189.17,280851.34
1379,New London,211897.31,277645.56
1380,New London,218481.68,260937.52
1381,New London,227460.38,266529.96
1382,New London,205247.81,257275.04
1383,New London,213311.11,239216.59
1384,New London,232809.65,272104.51
1385,New London,246531.94,302212.07
1386,New London,258025.81,298303.97
1387,New London,231343.6,277835.0
1388,New London,263890.04,303746.32
1389,New London,220494.79,277310.63
1390,New London,240433.14,259836.28
1391,New London,223639.18,274436.77
1392,New London,228704.7,279927.67
1393,New London,199383.58,262464.42
1394,New London,184943.91,213177.34
1395,New London,184943.91,221084.23
1396,New London,213841.4,292776.5
1397,New London,208061.9,254926.2
1398,New London,221354.74,252984.01
1399,New London,233722.87,259726.79
1400,New London,231179.89,280155.06
1401,New London,242160.94,284284.74
1402,New London,228290.14,269881.18
1403,New London,239791.34,270792.01
1404,New London,202282.4,238754.71
1405,New London,202282.4,271802.96
1406,New London,182231.21,261657.63
1407,New London,179103.02,207470.73
1408,New London,193378.94,224727.54
1409,New London,187691.33,228751.76
1410,New London,216129.4,261940.41
1411,New London,221817.02,268759.42
1412,New London,213854.36,256393.98
1413,New London,222397.16,256405.11
1414,New London,227504.64,283102.4
1415,New London,203616.65,265190.6
1416,New London,214991.88,259285.0
1417,New London,215560.64,255388.09
1418,New London,201424.64,247542.29
1419,New London,176102.77,212730.62
1420,New London,195985.34,240875.64
1421,New London,187464.24,241894.81
1422,New London,225809.19,274445.41
1423,New London,204506.44,246447.45
1424,New London,244271.58,278279.69
1425,New London,214731.76,256928.08
1426,New London,198825.7,242505.12
1427,New London,178375.06,225287.48
1428,New London,201666.07,248725.88
1429,New London,192008.82,233105.23
1430,New London,188483.91,223701.32
1431,New London,200825.11,210322.69
1432,New London,190615.57,217869.02
1433,New London,179508.48,219971.98
1434,New London,209800.54,258701.02
1435,New London,216532.11,249742.26
1436,New London,216251.62,241192.17
1437,New London,231117.17,263181.26
1438,New London,211146.85,248543.85
1439,New London,218775.96,282149.38
1440,New London,191288.73,229158.24
1441,New London,221861.26,266306.41
1442,New London,201510.44,217771.98
1443,New London,205327.0,229535.44
1444,New London,181134.21,211963.36
1445,New London,204366.4,234580.74
1446,New London,208705.28,247006.21
1447,New London,232157.16,264425.68
1448,New London,236166.5,254591.11
1449,New London,221886.66,258435.83
1450,New London,230564.41,268748.6
1451,New London,244954.09,297595.76
1452,New London,209529.11,274265.74
1453,New London,230674.25,259737.43
1454,New London,195167.13,215139.39
1455,New London,198920.34,235443.85
1456,New London,207499.12,237896.34
1457,New London,209107.64,251504.69
1458,New London,225198.2,268146.98
1459,New London,230554.58,267556.37
1460,New London,234307.79,281185.07
1461,New London,233771.62,279538.07
1462,New London,197848.0,246540.26
1463,New London,219831.11,254523.38
1464,New London,215541.72,255319.63
1465,New London,207499.12,238664.29
1466,New London,215918.43,249973.44
1467,New London,210652.13,233200.57
1468,New London,208150.63,260962.57
1469,New London,215918.43,252928.78
1470,New London,226451.03,268073.21
1471,New London,243303.2,263474.99
1472,New London,236983.64,280633.19
1473,New London,231717.34,265494.44
1474,New London,226451.03,274519.11
1475,New London,218814.9,264242.98
1476,New London,218551.58,264811.22
1477,New London,231717.34,249721.49
1478,New London,213256.19,247079.12
1479,New London,207430.66,227008.99
1480,New London,217937.43,242452.83
1481,New London,236090.21,269370.41
1482,New London,240771.44,269338.93
1483,New London,249665.79,298161.54
1484,New London,261108.8,302197.94
1485,New London,262409.15,299341.19
1486,New London,279209.57,334706.19
1487,New London,270471.27,344248.87
1488,New London,270367.24,330238.55
1489,New London,260068.53,330915.6
1490,New London,224000.0,278862.16
1491,New London,250000.0,299058.67
1492,New London,239000.0,286087.61
1493,New London,250000.0,297213.28
1494,New London,263350.0,322130.19
1495,New London,280000.0,311439.43
1496,New London,275000.0,325331.67
1497,New London,285000.0,338057.4
1498,New London,268500.0,309011.73
1499,New London,266700.0,329944.7
1500,Connecticut,214451.78,342552.42
1501,Connecticut,214451.78,349346.53
1502,Connecticut,217493.65,337250.78
1503,Connecticut,220535.52,337112.25
1504,Connecticut,228140.19,334997.97
1505,Connecticut,243349.54,374185.15
1506,Connecticut,243349.54,366500.51
1507,Connecticut,250954.21,388026.12
1508,Connecticut,240307.67,341957.62
1509,Connecticut,233809.48,322144.44
1510,Connecticut,229661.13,323005.86
1511,Connecticut,230421.59,332933.98
1512,Connecticut,231892.53,340677.85
1513,Connecticut,224482.15,331758.85
1514,Connecticut,235036.33,360223.7
1515,Connecticut,232042.24,338631.96
1516,Connecticut,247012.71,377019.93
1517,Connecticut,262432.29,413482.61
1518,Connecticut,267971.36,427428.18
1519,Connecticut,276953.64,413867.13
1520,Connecticut,257791.44,375839.74
1521,Connecticut,259737.6,370760.47
1522,Connecticut,255994.99,372544.27
1523,Connecticut,254497.94,360826.61
1524,Connecticut,251707.79,381792.67
1525,Connecticut,242927.29,344608.27
1526,Connecticut,248780.96,353841.08
1527,Connecticut,263415.13,378225.95
1528,Connecticut,273659.05,394254.6
1529,Connecticut,289756.64,424296.42
1530,Connecticut,303659.11,445299.28
1531,Connecticut,307317.65,452703.29
1532,Connecticut,288293.23,413083.16
1533,Connecticut,276585.89,393052.42
1534,Connecticut,285293.22,401128.04
1535,Connecticut,285366.39,399508.19
1536,Connecticut,277809.29,419330.69
1537,Connecticut,259421.7,407141.5
1538,Connecticut,277809.29,400279.31
1539,Connecticut,289354.98,449061.21
1540,Connecticut,313444.13,450773.19
1541,Connecticut,326415.22,474337.92
1542,Connecticut,336392.98,497344.79
1543,Connecticut,334967.58,492241.15
1544,Connecticut,319288.25,460124.49
1545,Connecticut,313586.67,441950.97
1546,Connecticut,319288.25,447763.33
1547,Connecticut,320713.64,449997.67
1548,Connecticut,313028.43,453930.03
1549,Connecticut,296480.67,446242.32
1550,Connecticut,310270.47,444648.86
1551,Connecticut,321302.31,466345.01
1552,Connecticut,333713.13,475864.3
1553,Connecticut,350122.99,506686.63
1554,Connecticut,365429.66,532368.25
1555,Connecticut,359899.95,533237.41
1556,Connecticut,341987.0,481860.24
1557,Connecticut,338539.55,468672.77
1558,Connecticut,341987.0,470012.29
1559,Connecticut,344744.96,484277.97
1560,Connecticut,327304.04,477667.56
1561,Connecticut,320624.36,463871.06
1562,Connecticut,333983.71,483459.62
1563,Connecticut,332647.78,464063.99
1564,Connecticut,336655.58,488281.91
1565,Connecticut,354022.73,514354.45
1566,Connecticut,354022.73,509351.3
1567,Connecticut,347209.47,484928.9
1568,Connecticut,340663.38,460984.08
1569,Connecticut,332313.79,439036.54
1570,Connecticut,332647.78,450144.93
1571,Connecticut,333983.71,469961.12
1572,Connecticut,323365.41,487193.41
1573,Connecticut,316872.13,460332.11
1574,Connecticut,328560.03,491398.84
1575,Connecticut,333494.93,492017.95
1576,Connecticut,344014.04,523112.33
1577,Connecticut,363493.89,551033.75
1578,Connecticut,357130.47,551415.07
1579,Connecticut,354533.16,524377.63
1580,Connecticut,324664.06,468288.16
1581,Connecticut,324664.06,451311.77
1582,Connecticut,324664.06,491692.5
1583,Connecticut,315248.81,452794.37
1584,Connecticut,290216.62,410239.68
1585,Connecticut,293343.96,432164.93
1586,Connecticut,294845.08,418402.69
1587,Connecticut,300224.09,435543.03
1588,Connecticut,300224.09,430664.61
1589,Connecticut,317424.43,473092.24
1590,Connecticut,324367.11,485942.78
1591,Connecticut,312608.34,476250.72
1592,Connecticut,293969.42,406383.41
1593,Connecticut,281460.09,379110.69
1594,Connecticut,271765.35,358618.28
1595,Connecticut,258317.81,343771.4
1596,Connecticut,245820.4,336442.16
1597,Connecticut,244716.04,334728.23
1598,Connecticut,250990.81,350997.21
1599,Connecticut,250990.81,339754.02
1600,Connecticut,266402.9,359267.56
1601,Connecticut,287384.48,398490.06
1602,Connecticut,289768.89,415977.58
1603,Connecticut,283619.62,407129.6
1604,Connecticut,269815.12,383234.8
1605,Connecticut,269815.12,382426.09
1606,Connecticut,269815.12,362637.71
1607,Connecticut,269815.12,388491.58
1608,Connecticut,248316.18,397664.96
1609,Connecticut,246949.32,369525.33
1610,Connecticut,259296.78,374887.16
1611,Connecticut,261457.59,393752.59
1612,Connecticut,271520.77,380875.69
1613,Connecticut,289856.76,421652.01
1614,Connecticut,283991.71,475261.3
1615,Connecticut,295968.75,453195.27
1616,Connecticut,271644.25,405001.38
1617,Connecticut,280904.85,411486.64
1618,Connecticut,271644.25,395895.98
1619,Connecticut,269174.75,426012.38
1620,Connecticut,249009.26,399894.33
1621,Connecticut,239431.98,373579.76
1622,Connecticut,229854.7,356291.93
1623,Connecticut,250206.42,404780.68
1624,Connecticut,263375.18,440170.62
1625,Connecticut,286719.8,474161.1
1626,Connecticut,271695.44,420747.98
1627,Connecticut,269360.98,414584.86
1628,Connecticut,262477.31,392413.52
1629,Connecticut,230153.99,332481.64
1630,Connecticut,240629.14,347086.5
1631,Connecticut,234643.34,337004.6
1632,Connecticut,212871.3,327026.64
1633,Connecticut,211112.03,313676.18
1634,Connecticut,224013.32,329631.09
1635,Connecticut,234568.92,333069.61
1636,Connecticut,248643.06,369621.98
1637,Connecticut,268288.2,422234.38
1638,Connecticut,269754.26,410161.23
1639,Connecticut,260632.46,399354.43
1640,Connecticut,238967.09,368385.14
1641,Connecticut,240433.14,333878.74
1642,Connecticut,232444.9,347918.28
1643,Connecticut,239260.3,413083.87
1644,Connecticut,212685.5,322310.24
1645,Connecticut,212685.5,327770.25
1646,Connecticut,218465.0,335015.09
1647,Connecticut,233491.69,351469.41
1648,Connecticut,256320.7,403389.91
1649,Connecticut,271636.37,436401.37
1650,Connecticut,277415.87,418069.96
1651,Connecticut,277415.87,411452.53
1652,Connecticut,248518.38,354848.41
1653,Connecticut,242738.88,331514.02
1654,Connecticut,231179.89,356753.19
1655,Connecticut,236959.39,375131.15
1656,Connecticut,212716.84,325352.41
1657,Connecticut,207427.35,312401.23
1658,Connecticut,204754.17,315194.82
1659,Connecticut,222954.54,350882.56
1660,Connecticut,244567.48,386920.54
1661,Connecticut,262767.86,406910.26
1662,Connecticut,264031.64,392500.08
1663,Connecticut,261630.33,402717.22
1664,Connecticut,234329.78,342865.75
1665,Connecticut,229779.68,344060.47
1666,Connecticut,233590.39,348954.56
1667,Connecticut,220679.5,348911.95
1668,Connecticut,210755.25,324290.15
1669,Connecticut,207346.81,326617.82
1670,Connecticut,215867.91,316722.74
1671,Connecticut,220412.5,345025.01
1672,Connecticut,246742.7,372983.83
1673,Connecticut,261313.78,400789.11
1674,Connecticut,263586.08,393154.16
1675,Connecticut,255633.05,371969.64
1676,Connecticut,244271.58,343905.76
1677,Connecticut,227229.38,338168.5
1678,Connecticut,221548.64,322542.35
1679,Connecticut,227115.76,319378.5
1680,Connecticut,218775.96,320153.12
1681,Connecticut,209800.54,304031.32
1682,Connecticut,211483.43,303966.57
1683,Connecticut,224385.6,326993.41
1684,Connecticut,243458.38,339628.87
1685,Connecticut,258043.44,387705.26
1686,Connecticut,258043.44,355986.41
1687,Connecticut,258043.44,348972.75
1688,Connecticut,246711.97,336035.33
1689,Connecticut,236726.81,338087.27
1690,Connecticut,235604.88,324631.82
1691,Connecticut,234482.95,325508.89
1692,Connecticut,217383.02,316073.2
1693,Connecticut,214197.52,317040.56
1694,Connecticut,212000.62,302700.11
1695,Connecticut,225182.01,319949.67
1696,Connecticut,238638.01,326258.33
1697,Connecticut,259233.92,358675.87
1698,Connecticut,261430.82,359255.29
1699,Connecticut,259179.0,384237.17
1700,Connecticut,244844.24,329273.24
1701,Connecticut,249347.88,327184.12
1702,Connecticut,238912.62,329382.76
1703,Connecticut,239200.96,349787.99
1704,Connecticut,219831.11,305566.75
1705,Connecticut,212056.59,319188.44
1706,Connecticut,225192.84,327297.58
1707,Connecticut,235916.31,339809.75
1708,Connecticut,241278.04,334696.12
1709,Connecticut,267014.37,376379.77
1710,Connecticut,265942.02,391775.23
1711,Connecticut,260580.29,404896.34
1712,Connecticut,237310.36,329857.81
1713,Connecticut,234307.79,311734.39
1714,Connecticut,232163.1,323553.89
1715,Connecticut,235916.31,337019.54
1716,Connecticut,215918.43,307396.92
1717,Connecticut,210336.15,278472.78
1718,Connecticut,224871.14,307761.43
1719,Connecticut,231717.34,326708.85
1720,Connecticut,250676.03,340920.2
1721,Connecticut,263209.83,363621.98
1722,Connecticut,263315.16,354635.95
1723,Connecticut,258048.85,354974.88
1724,Connecticut,245409.73,328758.65
1725,Connecticut,240143.42,317629.85
1726,Connecticut,241056.6,326267.92
1727,Connecticut,242249.94,319075.66
1728,Connecticut,231981.13,330873.4
1729,Connecticut,225011.29,299569.88
1730,Connecticut,243424.14,316621.53
1731,Connecticut,265529.97,336530.79
1732,Connecticut,268390.72,358730.87
1733,Connecticut,275568.61,399584.94
1734,Connecticut,291828.1,418961.16
1735,Connecticut,305840.59,454713.16
1736,Connecticut,303239.9,448091.38
1737,Connecticut,298558.67,432174.03
1738,Connecticut,292317.03,410409.34
1739,Connecticut,291276.75,431158.96
1740,Connecticut,268500.0,372148.83
1741,Connecticut,265000.0,397365.51
1742,Connecticut,266125.0,398559.84
1743,Connecticut,281000.0,426086.29
1744,Connecticut,294000.0,460935.86
1745,Connecticut,314000.0,467990.01
1746,Connecticut,315000.0,477072.25
1747,Connecticut,315000.0,456800.41
1748,Connecticut,292000.0,401529.19
1749,Connecticut,295000.0,404989.47
1750,Tolland,197569.41,221851.66
1751,Tolland,180230.75,200570.34
1752,Tolland,197721.5,208545.81
1753,Tolland,194679.63,205002.1
1754,Tolland,210725.49,226294.87
1755,Tolland,228140.19,234520.64
1756,Tolland,231182.06,246457.58
1757,Tolland,228064.15,258400.88
1758,Tolland,231182.06,232755.26
1759,Tolland,250954.21,244262.18
1760,Tolland,223577.39,242710.37
1761,Tolland,218178.07,229820.43
1762,Tolland,202101.3,231820.43
1763,Tolland,215574.72,278983.02
1764,Tolland,209586.54,241397.7
1765,Tolland,221113.8,230933.1
1766,Tolland,226802.58,242313.27
1767,Tolland,233539.29,243797.91
1768,Tolland,254497.94,267258.61
1769,Tolland,232042.24,249465.77
1770,Tolland,254497.94,276323.59
1771,Tolland,252177.52,271051.79
1772,Tolland,246563.59,264913.35
1773,Tolland,253749.42,304217.74
1774,Tolland,234146.78,259557.17
1775,Tolland,241463.87,272034.28
1776,Tolland,231951.66,242908.24
1777,Tolland,235610.2,252751.45
1778,Tolland,248780.96,259342.81
1779,Tolland,248707.79,276162.0
1780,Tolland,259390.73,279751.75
1781,Tolland,260122.44,295758.77
1782,Tolland,253902.92,260415.83
1783,Tolland,253171.21,271146.5
1784,Tolland,261805.37,284317.95
1785,Tolland,256098.04,271611.18
1786,Tolland,216659.88,236160.38
1787,Tolland,248018.55,255738.94
1788,Tolland,235190.01,260032.93
1789,Tolland,270824.86,302238.1
1790,Tolland,258709.01,269975.1
1791,Tolland,283653.4,302158.19
1792,Tolland,299332.73,314066.89
1793,Tolland,300758.13,320433.17
1794,Tolland,283938.48,307847.27
1795,Tolland,292205.76,305454.16
1796,Tolland,299332.73,317166.63
1797,Tolland,306459.7,314202.83
1798,Tolland,282966.67,310679.82
1799,Tolland,262006.17,276453.44
1800,Tolland,275795.97,301983.52
1801,Tolland,273727.5,286877.57
1802,Tolland,310201.52,327526.59
1803,Tolland,310270.47,322898.36
1804,Tolland,296480.67,315931.03
1805,Tolland,310959.96,329321.01
1806,Tolland,317027.47,336718.27
1807,Tolland,296480.67,325085.02
1808,Tolland,292343.73,314143.31
1809,Tolland,326818.23,341767.19
1810,Tolland,316616.56,328708.17
1811,Tolland,278789.56,299667.1
1812,Tolland,300585.34,320985.2
1813,Tolland,300585.34,316274.69
1814,Tolland,301921.27,307683.21
1815,Tolland,305929.08,318498.8
1816,Tolland,307265.01,338295.78
1817,Tolland,331729.32,347548.43
1818,Tolland,314545.86,343591.23
1819,Tolland,304259.16,305656.05
1820,Tolland,299917.37,318257.85
1821,Tolland,276538.51,287055.81
1822,Tolland,305184.22,313339.35
1823,Tolland,283107.06,287184.92
1824,Tolland,309080.19,316586.37
1825,Tolland,298561.07,312066.76
1826,Tolland,292197.66,319988.11
1827,Tolland,305054.36,316379.01
1828,Tolland,322066.75,334825.07
1829,Tolland,318170.78,326021.68
1830,Tolland,298690.94,321280.04
1831,Tolland,301288.25,311600.56
1832,Tolland,305184.22,327894.24
1833,Tolland,308430.86,320245.94
1834,Tolland,275205.42,271844.53
1835,Tolland,278332.75,296111.07
1836,Tolland,275205.42,288096.01
1837,Tolland,275080.33,286888.1
1838,Tolland,304863.81,317905.05
1839,Tolland,286463.82,314637.46
1840,Tolland,285838.36,310882.01
1841,Tolland,281460.09,305512.29
1842,Tolland,275205.42,294045.81
1843,Tolland,268950.75,283758.98
1844,Tolland,262696.08,295816.34
1845,Tolland,275080.33,295454.65
1846,Tolland,243619.84,246115.05
1847,Tolland,271697.55,276438.88
1848,Tolland,281109.71,279047.6
1849,Tolland,282364.66,280026.25
1850,Tolland,269815.12,294144.41
1851,Tolland,291776.82,297331.81
1852,Tolland,288639.43,303647.25
1853,Tolland,268560.17,272246.93
1854,Tolland,273454.49,272599.62
1855,Tolland,263477.61,280680.04
1856,Tolland,266677.74,280390.62
1857,Tolland,263540.35,270158.2
1858,Tolland,242010.33,253005.43
1859,Tolland,249418.81,275074.14
1860,Tolland,246949.32,261098.61
1861,Tolland,246949.32,259691.18
1862,Tolland,280596.16,283633.31
1863,Tolland,271644.25,308568.47
1864,Tolland,263013.99,265351.01
1865,Tolland,273434.63,277875.79
1866,Tolland,253123.05,255738.07
1867,Tolland,264482.72,311319.74
1868,Tolland,279670.1,310075.1
1869,Tolland,238614.78,265692.28
1870,Tolland,232847.6,236577.78
1871,Tolland,221474.58,227949.15
1872,Tolland,272952.46,292037.66
1873,Tolland,211897.31,259611.21
1874,Tolland,249009.26,260322.18
1875,Tolland,268403.25,308272.01
1876,Tolland,264273.05,305186.32
1877,Tolland,257389.38,265855.99
1878,Tolland,274149.62,300981.64
1879,Tolland,241826.3,259873.72
1880,Tolland,219080.26,244491.99
1881,Tolland,224287.91,230274.0
1882,Tolland,191173.67,208497.6
1883,Tolland,208179.92,249278.21
1884,Tolland,195865.05,212676.7
1885,Tolland,216976.25,235766.5
1886,Tolland,235976.34,254732.34
1887,Tolland,257908.53,261853.15
1888,Tolland,255386.91,273588.27
1889,Tolland,246297.37,265719.83
1890,Tolland,227492.56,242333.89
1891,Tolland,234568.92,234032.15
1892,Tolland,245124.52,267703.47
1893,Tolland,219908.36,249394.44
1894,Tolland,204594.2,231951.23
1895,Tolland,213841.4,232323.25
1896,Tolland,216153.2,233343.62
1897,Tolland,220198.85,234617.76
1898,Tolland,223088.59,259057.08
1899,Tolland,242738.88,260559.59
1900,Tolland,256609.68,271907.01
1901,Tolland,254240.08,269517.55
1902,Tolland,248807.36,246396.11
1903,Tolland,245050.68,267420.76
1904,Tolland,213841.4,221813.46
1905,Tolland,215170.68,243370.01
1906,Tolland,221817.02,223326.56
1907,Tolland,208735.5,237733.38
1908,Tolland,193037.68,209903.06
1909,Tolland,216129.4,237232.47
1910,Tolland,222670.16,230840.34
1911,Tolland,243373.08,305854.03
1912,Tolland,255089.57,265122.78
1913,Tolland,242576.82,252989.59
1914,Tolland,232623.49,264681.18
1915,Tolland,225229.59,238563.74
1916,Tolland,218404.45,243118.18
1917,Tolland,208451.12,221724.47
1918,Tolland,215867.91,230677.48
1919,Tolland,198825.7,232420.32
1920,Tolland,196553.41,211500.87
1921,Tolland,223252.86,230045.4
1922,Tolland,210187.17,221240.35
1923,Tolland,234046.26,257031.11
1924,Tolland,244271.58,260596.21
1925,Tolland,255633.05,262101.75
1926,Tolland,230069.74,240248.5
1927,Tolland,219844.42,232720.78
1928,Tolland,223764.13,243616.62
1929,Tolland,218708.28,232202.48
1930,Tolland,181471.86,195656.19
1931,Tolland,217878.42,225445.25
1932,Tolland,171318.41,178924.91
1933,Tolland,200825.11,217067.42
1934,Tolland,243065.7,256703.41
1935,Tolland,251031.39,249946.35
1936,Tolland,233361.03,251933.53
1937,Tolland,260567.78,266212.29
1938,Tolland,238409.7,237479.58
1939,Tolland,222646.61,248799.56
1940,Tolland,219897.89,232056.93
1941,Tolland,231678.13,255232.53
1942,Tolland,194425.44,219966.76
1943,Tolland,170259.57,189827.94
1944,Tolland,203213.03,213826.22
1945,Tolland,205849.31,231072.77
1946,Tolland,194974.67,214171.57
1947,Tolland,234518.82,247925.49
1948,Tolland,246327.15,249585.41
1949,Tolland,241658.74,253415.65
1950,Tolland,214142.6,242371.31
1951,Tolland,231772.7,249447.51
1952,Tolland,231772.7,248168.64
1953,Tolland,209803.72,226034.79
1954,Tolland,214362.14,218006.73
1955,Tolland,212807.24,228372.61
1956,Tolland,198384.17,214433.86
1957,Tolland,213397.03,226314.25
1958,Tolland,214362.14,223470.46
1959,Tolland,234468.64,249520.91
1960,Tolland,230554.58,244967.33
1961,Tolland,218758.76,248689.31
1962,Tolland,218705.14,228928.77
1963,Tolland,214469.37,232023.1
1964,Tolland,210448.07,220040.54
1965,Tolland,214469.37,225069.07
1966,Tolland,188902.29,225161.67
1967,Tolland,199210.56,201546.11
1968,Tolland,219078.21,223469.63
1969,Tolland,210546.8,218004.86
1970,Tolland,231612.01,231929.13
1971,Tolland,229084.19,236561.55
1972,Tolland,236878.31,243760.49
1973,Tolland,233823.86,237576.14
1974,Tolland,224028.54,235602.09
1975,Tolland,226977.66,227368.64
1976,Tolland,226451.03,231610.67
1977,Tolland,226451.03,227945.6
1978,Tolland,236142.22,260181.13
1979,Tolland,184388.59,207361.37
1980,Tolland,239263.05,254172.41
1981,Tolland,237702.64,255005.77
1982,Tolland,244464.42,248225.98
1983,Tolland,246024.83,255170.63
1984,Tolland,259964.5,265984.64
1985,Tolland,270471.27,272554.97
1986,Tolland,248625.51,265877.65
1987,Tolland,269378.98,280127.77
1988,Tolland,265790.04,273907.54
1989,Tolland,249665.79,263130.66
1990,Tolland,251900.0,264485.54
1991,Tolland,239950.0,243087.08
1992,Tolland,235000.0,243584.9
1993,Tolland,245000.0,257185.44
1994,Tolland,274375.0,278736.55
1995,Tolland,285000.0,294781.68
1996,Tolland,275500.0,312040.85
1997,Tolland,285000.0,300983.17
1998,Tolland,264900.0,288800.15
1999,Tolland,295000.0,317529.7
2000,Windham,154869.17,176613.38
2001,Windham,173766.78,173352.23
2002,Windham,158025.11,167094.61
2003,Windham,157416.73,157114.1
2004,Windham,177949.35,185867.17
2005,Windham,171105.14,188555.35
2006,Windham,178633.77,201654.83
2007,Windham,174907.48,186075.5
2008,Windham,182360.06,189539.37
2009,Windham,172626.08,187451.84
2010,Windham,187074.96,187117.95
2011,Windham,182512.15,179037.49
2012,Windham,179495.9,189558.12
2013,Windham,164675.14,180852.41
2014,Windham,173657.42,184759.39
2015,Windham,169166.28,173901.38
2016,Windham,173657.42,192673.59
2017,Windham,190124.93,205039.92
2018,Windham,194616.07,217520.01
2019,Windham,194541.22,213742.17
2020,Windham,192669.91,210496.8
2021,Windham,190124.93,209285.1
2022,Windham,194616.07,204998.33
2023,Windham,196113.12,205634.6
2024,Windham,196097.93,223102.06
2025,Windham,204146.73,205534.06
2026,Windham,186219.86,196342.16
2027,Windham,197561.35,205823.38
2028,Windham,204805.26,226203.98
2029,Windham,219512.61,237394.68
2030,Windham,219512.61,243166.66
2031,Windham,215122.36,234449.05
2032,Windham,219366.27,220099.97
2033,Windham,220976.03,236696.54
2034,Windham,222439.44,236222.49
2035,Windham,221890.66,238041.98
2036,Windham,206682.13,216232.83
2037,Windham,206682.13,211365.68
2038,Windham,220936.07,235526.96
2039,Windham,224855.9,233059.63
2040,Windham,243742.37,247089.01
2041,Windham,249443.95,269447.6
2042,Windham,242174.44,263022.72
2043,Windham,242174.44,256702.03
2044,Windham,256570.92,266920.1
2045,Windham,263697.89,287322.23
2046,Windham,256570.92,279632.08
2047,Windham,267475.18,276823.55
2048,Windham,263385.15,277047.28
2049,Windham,234357.63,249514.91
2050,Windham,248216.37,270251.96
2051,Windham,260627.19,293720.86
2052,Windham,275795.97,288327.97
2053,Windham,262006.17,275772.73
2054,Windham,283311.41,296157.28
2055,Windham,273038.01,298736.7
2056,Windham,275795.97,293100.29
2057,Windham,282621.92,297431.63
2058,Windham,274761.74,297098.62
2059,Windham,275658.07,307516.14
2060,Windham,261843.23,275646.37
2061,Windham,279210.38,301472.18
2062,Windham,254428.79,262796.72
2063,Windham,273866.64,294746.58
2064,Windham,280546.32,293647.79
2065,Windham,281882.25,325965.49
2066,Windham,278542.41,296954.71
2067,Windham,289296.69,284502.4
2068,Windham,265851.03,273761.88
2069,Windham,272463.91,286267.37
2070,Windham,277206.48,276580.55
2071,Windham,281882.25,285061.3
2072,Windham,270120.5,257140.37
2073,Windham,266224.53,267978.35
2074,Windham,253237.97,276143.1
2075,Windham,271419.16,285299.94
2076,Windham,262231.17,261306.66
2077,Windham,276367.04,273780.55
2078,Windham,266224.53,278297.93
2079,Windham,255835.28,281418.23
2080,Windham,272717.81,279176.44
2081,Windham,266224.53,285582.99
2082,Windham,251289.99,267951.04
2083,Windham,263951.88,276598.23
2084,Windham,223416.76,238208.27
2085,Windham,230171.8,229550.79
2086,Windham,225168.07,237855.4
2087,Windham,231422.74,243371.12
2088,Windham,206404.06,220135.35
2089,Windham,240179.27,251173.22
2090,Windham,228232.86,262049.02
2091,Windham,227669.94,226771.69
2092,Windham,212346.0,228112.16
2093,Windham,221415.27,217720.98
2094,Windham,215786.07,232348.93
2095,Windham,207498.63,235151.38
2096,Windham,190439.28,239189.81
2097,Windham,190801.33,207434.87
2098,Windham,209577.33,216053.23
2099,Windham,204557.51,204289.42
2100,Windham,206126.2,217156.11
2101,Windham,212651.97,207972.34
2102,Windham,219616.96,228747.7
2103,Windham,200165.17,210125.79
2104,Windham,200792.65,203420.96
2105,Windham,197027.79,221112.32
2106,Windham,208887.1,219648.92
2107,Windham,217734.53,244280.54
2108,Windham,185211.99,191381.43
2109,Windham,206140.94,227827.65
2110,Windham,189780.55,205493.48
2111,Windham,187064.11,204200.33
2112,Windham,212067.72,230903.77
2113,Windham,191941.36,205200.9
2114,Windham,185211.99,199759.25
2115,Windham,186446.73,190045.37
2116,Windham,177803.51,182450.18
2117,Windham,203733.18,217068.78
2118,Windham,179038.25,196890.51
2119,Windham,180273.0,179409.91
2120,Windham,173588.19,171186.97
2121,Windham,162813.75,169849.33
2122,Windham,152637.89,190115.64
2123,Windham,164908.78,179393.35
2124,Windham,172391.03,185730.52
2125,Windham,174785.35,178628.83
2126,Windham,169517.84,168199.94
2127,Windham,184362.63,194922.02
2128,Windham,191425.87,201098.32
2129,Windham,181968.31,178778.98
2130,Windham,177179.67,178210.02
2131,Windham,179573.99,178974.36
2132,Windham,158334.02,173811.56
2133,Windham,162380.34,173794.21
2134,Windham,141327.78,166205.74
2135,Windham,140741.35,150251.78
2136,Windham,170062.47,176506.75
2137,Windham,166133.44,176511.9
2138,Windham,175340.27,180404.1
2139,Windham,183491.54,181978.14
2140,Windham,175926.69,173569.88
2141,Windham,175926.69,187196.12
2142,Windham,175926.69,182551.46
2143,Windham,146605.58,157493.61
2144,Windham,156046.43,171650.05
2145,Windham,164137.72,177875.11
2146,Windham,161825.92,178664.24
2147,Windham,154312.58,164752.59
2148,Windham,173384.92,176483.82
2149,Windham,184943.91,200870.07
2150,Windham,173327.12,197716.17
2151,Windham,179106.62,184020.5
2152,Windham,173327.12,181035.07
2153,Windham,173269.33,192054.17
2154,Windham,173384.92,181011.59
2155,Windham,153156.68,168230.64
2156,Windham,156978.2,161307.2
2157,Windham,151859.34,160458.11
2158,Windham,164883.99,177669.48
2159,Windham,156921.32,168444.12
2160,Windham,176316.09,191715.77
2161,Windham,163234.58,176860.7
2162,Windham,168922.19,182752.89
2163,Windham,175178.57,179236.07
2164,Windham,163575.83,172768.28
2165,Windham,147878.01,149123.18
2166,Windham,164940.86,177361.48
2167,Windham,154589.4,173725.34
2168,Windham,147585.48,163249.34
2169,Windham,153379.83,162788.96
2170,Windham,166275.1,175085.02
2171,Windham,159060.56,174924.2
2172,Windham,162355.39,187531.0
2173,Windham,194849.19,205193.39
2174,Windham,174171.32,188155.02
2175,Windham,187464.24,195740.16
2176,Windham,174846.19,194234.16
2177,Windham,187464.24,199223.42
2178,Windham,159060.56,174564.43
2179,Windham,172410.29,178106.94
2180,Windham,161277.15,167217.94
2181,Windham,162679.56,175591.96
2182,Windham,150338.35,162548.5
2183,Windham,151460.28,171052.71
2184,Windham,177264.63,186866.99
2185,Windham,178386.55,187814.51
2186,Windham,201947.04,207469.5
2187,Windham,190727.76,200194.31
2188,Windham,182874.27,177866.9
2189,Windham,185118.12,197840.72
2190,Windham,173898.84,174537.64
2191,Windham,163801.49,173444.71
2192,Windham,168062.67,178900.78
2193,Windham,185088.63,188467.93
2194,Windham,163668.87,173313.23
2195,Windham,164657.48,171954.24
2196,Windham,175751.81,189953.32
2197,Windham,192228.54,202785.46
2198,Windham,181518.67,241171.89
2199,Windham,190031.65,205956.37
2200,Windham,192338.39,202449.62
2201,Windham,209803.72,216631.22
2202,Windham,164767.32,195024.04
2203,Windham,194974.67,198371.08
2204,Windham,174256.37,182595.54
2205,Windham,176937.23,183485.54
2206,Windham,176937.23,194863.35
2207,Windham,171575.5,193581.45
2208,Windham,187660.7,203015.64
2209,Windham,209107.64,210990.52
2210,Windham,187660.7,204008.21
2211,Windham,192968.82,199059.47
2212,Windham,204764.63,204748.73
2213,Windham,177098.08,189966.22
2214,Windham,188733.05,194417.39
2215,Windham,182298.97,190801.22
2216,Windham,181371.48,203623.05
2217,Windham,169100.99,171431.13
2218,Windham,154723.99,165127.23
2219,Windham,178948.98,181467.93
2220,Windham,189534.25,196388.39
2221,Windham,210652.13,209820.33
2222,Windham,203805.93,213647.97
2223,Windham,194853.22,206768.11
2224,Windham,194853.22,205086.43
2225,Windham,194853.22,206254.64
2226,Windham,192746.69,204111.25
2227,Windham,197223.05,203438.15
2228,Windham,193751.05,203857.38
2229,Windham,186209.07,196134.54
2230,Windham,203820.91,203507.93
2231,Windham,222618.66,219957.46
2232,Windham,226311.63,228904.26
2233,Windham,200252.77,218531.05
2234,Windham,229900.58,228918.23
2235,Windham,234061.68,259246.9
2236,Windham,236142.22,246098.99
2237,Windham,230940.85,246758.87
2238,Windham,239263.05,257416.57
2239,Windham,220538.11,243429.39
2240,Windham,205000.0,218907.43
2241,Windham,227000.0,241992.44
2242,Windham,225000.0,234705.14
2243,Windham,231000.0,241785.05
2244,Windham,216800.0,234193.64
2245,Windham,245500.0,255984.24
2246,Windham,259950.0,273981.86
2247,Windham,250000.0,263424.27
2248,Windham,250000.0,272642.6
2249,Windham,250000.0,265434.49
